book_id,chap_id,0,1,2,3,4,5,6,7,8,9,10,11,12,13,14,15,16,17,18,19
35,1,0.00019455253472791268,0.0001945525318489887,0.16646214914368937,0.00019455253448301982,0.00019455253396720505,0.00019455253239141954,0.00019455253440781403,0.0001945525339522033,0.00019455253367817694,0.00019455253461457385,0.00019455253313285843,0.24060632520043054,0.00019455253338938332,0.4707933596231281,0.0001945525316438575,0.00019455253383544128,0.00019455253422359737,0.11902532549627874,0.00019455253320002527,0.00019455253297663008
35,2,0.431775979112675,0.000247524755150312,0.0002475247564050436,0.0002475247587072449,0.00024752475678375713,0.00024752475761192,0.0002475247571315683,0.00024752475673218597,0.00024752475681883937,0.0002475247577151909,0.00024752475995998394,0.0002475247577631753,0.000247524758640116,0.5637685752519761,0.00024752475537023776,0.0002475247573109184,0.00024752475815947037,0.00024752475760955506,0.00024752475853968793,0.00024752475893966507
35,3,0.0745490985352778,0.00015432098997599685,0.00015432099119815236,0.00015432099058698047,0.00015432099095923635,0.00015432099049587583,0.00015432099144838037,0.00015432099090332426,0.00015432099146216232,0.11158246690875674,0.00015432099222253918,0.0001543209912844565,0.20577770325128292,0.3492359080155831,0.00015432099030985517,0.0001543209914018496,0.2168487370104929,0.0001543209906404471,0.00015432099064740823,0.039845592405069984
35,4,0.9972303205806451,0.0001457725970383131,0.00014577259701588165,0.00014577265879080762,0.00014577259701694634,0.00014577259862835895,0.00014577259720441075,0.00014577259691383386,0.0001457725971996219,0.00014577259657448942,0.00014577260016197558,0.0001457725972784378,0.0001457725990386465,0.00014577259751335738,0.00014577260023472183,0.0001457725978198483,0.00014577259754771038,0.00014577259821944142,0.00014577259748468753,0.00014577259767345065
35,5,0.41275528504176995,0.00017064846634900132,0.00017064846791004613,0.2764388016061106,0.0001706484681069233,0.00017064846922332043,0.08428476529494934,0.00017064846826333197,0.08390172861351645,0.00017064846811974284,0.0341705139045877,0.03498931577082015,0.07124115968361758,0.00017064846866172482,0.00017064846705398254,0.00017064846856234235,0.00017064846862004546,0.0001706484679604045,0.00017064846838606084,0.00017064846741139062
35,6,0.26363785210416124,0.00014705882567879613,0.00014705882754784518,0.0001470588276518557,0.0001470588270656229,0.0001470588262103815,0.00014705882698214708,0.11383202922732098,0.00014705882680053267,0.00014705882606171316,0.00014705882490648656,0.4539885366582859,0.0001470588270950369,0.00014705882675886944,0.00014705882503859236,0.00014705882670328145,0.0001470588268985251,0.07352586978186246,0.09280982983101543,0.00014705882595436286
35,7,0.45378253057736145,0.00013661202424171948,0.00013661202493844471,0.00013661202518937558,0.0001366120247030031,0.00013661202392781967,0.00013661202490908078,0.0001366120250726582,0.0001366120243449533,0.0001366120252368198,0.00013661202451226726,0.040713907783814195,0.0001366120253166978,0.3757538280123697,0.00013661202686580652,0.037110950011193786,0.0001366120252047578,0.09058960324088973,0.00013661202500639825,0.00013661202490150586
35,8,0.41202828628661264,7.032348939511041e-05,7.032348983727184e-05,7.032348977572544e-05,7.032348985180191e-05,7.032348986748098e-05,7.03234899083762e-05,0.08980627765467422,7.032348991618028e-05,7.032348983224756e-05,7.032348917455747e-05,0.1685755954445538,7.032348966359396e-05,0.04206554532495997,0.12591917771264738,0.060311279271006706,7.032348975585182e-05,0.057338615567438314,0.04311134086184973,7.032348927918884e-05
35,9,0.5381135640763652,0.00014577259794669177,0.0001457725981373907,0.39801576181977283,0.000145772598367124,0.0001457725988028105,0.0001457725988393364,0.000145772598630202,0.0001457725983238495,0.0001457725973704516,0.0001457725980547823,0.0001457725984788391,0.00014577259778688644,0.00014577259848454189,0.06139253993254787,0.0001457725985689153,0.0001457725983675664,0.00014577259867483848,0.0001457725989038282,0.00014577259757622078
35,10,0.4793847144188339,0.00011467890175294985,0.00011467890149913522,0.00011467890139259636,0.00011467890176288756,0.00011467890201285373,0.00011467890180030765,0.00011467890205667674,0.00011467890131107638,0.00011467890186493286,0.0001146789009151241,0.14992634894648021,0.00011467890109026018,0.00011467890198013745,0.09058706863522206,0.00011467890225218948,0.00011467890183515144,0.27826700557331013,0.00011467890214427241,0.00011467890048325495
35,11,0.3498455114096954,0.0001305483049860711,0.0001305483060972449,0.00013054830629005397,0.0001305483061877541,0.00013054830582399706,0.0001305483059094795,0.00013054830592432304,0.09409519671514878,0.00013054830524684868,0.00013054830624049485,0.1405972362758867,0.14609128438258573,0.04464752980321355,0.04058835729017358,0.00013054830581359677,0.00013054830601584762,0.06847958181637143,0.11408872263654309,0.0001305483058461574
35,12,0.26742540493126693,0.00011520737501510572,0.00011520737524105257,0.0001152073763449573,0.00011520737578752367,0.00011520737566407194,0.0001152073753617443,0.00011520737584425532,0.00011520737563257066,0.00011520737534908326,0.00011520737535236773,0.00011520737623794666,0.00011520737612499811,0.0001152073758896859,0.08570256281421199,0.13978457040837128,0.00011520737600606875,0.5052441438353468,0.00011520737587605047,0.0001152073750756044
35,13,0.9945086704105595,0.0002890173446446004,0.00028901734628658396,0.00028901734649769515,0.00028901734917985606,0.0002890173434277036,0.0002890173462291289,0.00028901734909556466,0.0002890173459872242,0.0002890173463561288,0.00028901734324424913,0.000289017359452711,0.00028901734527997104,0.0002890173450359761,0.00028901734924604384,0.0002890173487814879,0.00028901734528512956,0.0002890173451702092,0.0002890173465404621,0.00028901734369977716
35,14,0.12778042676754198,0.00014285714418334853,0.0001428571451347904,0.11324087783457394,0.0001428571456694064,0.1789561608731114,0.00014285714553117468,0.0001428571455769893,0.0001428571462259494,0.0001428571453861766,0.000142857145199488,0.00014285714619283473,0.00014285714508609185,0.0001428571457725207,0.0001428571437291437,0.1423888595345019,0.0001428571456799248,0.3729790873493773,0.06265458760665739,0.00014285714486813821
35,15,0.23508761816945428,0.0006172839562991258,0.0006172839665367277,0.1812183075897089,0.0006172839633329312,0.0006172839643533907,0.0006172839689225304,0.000617283961559993,0.0006172839650322761,0.0006172839701800484,0.0006172839616740537,0.0006172839623124435,0.25072295793086424,0.0006172839713244071,0.11684247910797438,0.0006172839609323224,0.0006172839638260839,0.0006172839665932866,0.20686937773279956,0.0006172839663189396
35,16,0.11339406386566767,0.0002415458962828159,0.0002415459003374073,0.0002415458995582223,0.00024154589860084198,0.0002415458992262311,0.00024154589944110248,0.00024154589912512566,0.12117066468829554,0.15393242722242928,0.00024154589811806006,0.0002415458986232186,0.19161295425661384,0.09791664030768704,0.00024154589671907748,0.00024154589814920311,0.06618946544123569,0.00024154589841630488,0.00024154589821121926,0.2526436875372621
35,17,0.29270055463152056,0.0012195122054693961,0.0012195122182907618,0.001219512250838962,0.001219512219850248,0.00121951221422601,0.0012195122333033789,0.0012195122207796425,0.0012195122258032906,0.001219512231640038,0.001219512205427808,0.40993994317265375,0.0012195122100312043,0.00121951223964553,0.001219512215868372,0.2766277943697703,0.0012195122350079717,0.001219512240707015,0.001219512247306292,0.0012195122118594738
159,1,0.0008928571615631826,0.0008928571629672897,0.0008928571576186889,0.000892857153742163,0.23073042271953922,0.1031049556086535,0.0008928571641548536,0.0008928571636198138,0.17518671355424437,0.0008928571551501293,0.0008928571503646738,0.40994953042072385,0.0008928571544518164,0.0008928571602685734,0.0008928571521587831,0.06763552031533879,0.0008928571620008281,0.0008928571612451094,0.0008928571649671808,0.0008928571572271025
159,2,0.07660061492841788,0.00030303030851133733,0.0003030303090825138,0.00030303030996459634,0.00030303031022708326,0.08825147483619973,0.00030303031009983777,0.0003030303092583536,0.00030303030976819724,0.0003030303102749197,0.00030303030863158717,0.00030303030985307476,0.000303030309132636,0.00030303031080645244,0.061818103444404374,0.18881509371881036,0.36313099175880104,0.197127779804019,0.020316547484285873,0.0003030303094512125
159,3,0.0003125000041328862,0.0003125000040102158,0.0003125000068262866,0.00031250000348449737,0.0003125000053438625,0.9417103039039435,0.00031250000633429746,0.00031250000508204357,0.00031250000426879144,0.0003125000091737072,0.0003125000068253391,0.00031250000682315294,0.05266469598287964,0.000312500006369334,0.0003125000136197876,0.00031250000765832293,0.0003125000086369787,0.00031250000374488126,0.0003125000045042083,0.00031250000633820644
159,4,0.00018939394359792698,0.00018939394134676057,0.00018939394317856725,0.00018939394436324564,0.00018939394377180443,0.00018939394288782196,0.00018939394372793062,0.00018939394344402177,0.00018939394219069202,0.00018939394374742688,0.0001893939426256588,0.00018939394374947955,0.25260042759309104,0.2291731218139913,0.00018939394407051612,0.31620472248247805,0.19899142501719194,0.00018939394397031115,0.0001893939434544118,0.00018939394312117357
159,5,0.0002631579021988518,0.00026315789880445407,0.03248791900131262,0.0002631579012125687,0.0002631579022217941,0.0002631579007595777,0.00026315790126780597,0.00026315790108872347,0.00026315790061259294,0.059909201205571826,0.0002631578995142761,0.0002631579019000028,0.0002631579010000866,0.4567329201802903,0.0002631578973923901,0.17279870370859973,0.1987111640140571,0.07567588128008859,0.0002631579013756862,0.00026315790073091664
159,6,0.0002659574522810436,0.0002659574501123533,0.0002659574515078335,0.00026595745438058024,0.00026595745319252424,0.09282442381608833,0.00026595745217570843,0.0002659574528065285,0.00026595745198759155,0.0548230442326,0.000265957450905331,0.0002659574524655487,0.2330626121867262,0.20310910935374654,0.06923702949049254,0.2845173619685953,0.05896897206975801,0.000265957453809533,0.0002659574533159454,0.000265957453052275
159,7,0.00020242915576438003,0.00020242915234078615,0.0002024291542917105,0.09728102717934219,0.00020242915503492436,0.00020242915700128552,0.00020242915461942838,0.00020242915966073633,0.000202429155716546,0.000202429154887605,0.00020242915250941464,0.00020242915565996618,0.00020242915446995607,0.14627322028531428,0.00020242915424073494,0.4100698618129148,0.2986255747790321,0.0002024291552095784,0.00020242915548721746,0.044713878616502195
159,8,0.00021097046980467205,0.00021097046674111797,0.00021097046853054349,0.0002109704678417743,0.00021097046836723084,0.00021097046741137604,0.00021097046941944274,0.0002109704678449739,0.00021097046933798077,0.00021097046937577387,0.00021097046974472136,0.15140568090532472,0.35563233052015664,0.16184413646395743,0.00021097046693156112,0.07638457542657713,0.18200169825126228,0.0002109704674069314,0.0002109704682110179,0.06977799187575263
159,9,0.0003246753327394801,0.00032467532937094286,0.00032467533213911647,0.00032467533093941706,0.0003246753326804623,0.0003246753316927377,0.00032467533272354627,0.00032467533481743237,0.0003246753317147501,0.0003246753313022752,0.00032467533141250813,0.0003246753311820869,0.24626822298761603,0.45423698170297927,0.00032467532945264514,0.23201400403673178,0.062285985967954226,0.0003246753308955679,0.0003246753304674841,0.0003246753311882862
159,10,9.22509246461737e-05,9.225092429481085e-05,9.225092421865799e-05,9.225094362055685e-05,9.225092418751764e-05,9.225092455204212e-05,9.225092438461534e-05,9.225092412845829e-05,9.225092428695179e-05,9.225092412045586e-05,9.225092525394911e-05,9.225092410213057e-05,9.225092411316845e-05,9.225092467775288e-05,9.225092334108215e-05,0.9982472324191533,9.225092401734984e-05,9.2250924460259e-05,9.225092451901692e-05,9.225092392191263e-05
159,11,0.0002512562864074852,0.0002512562853591247,0.0002512562859198842,0.00025125628713984976,0.000251256286138414,0.0002512562871483461,0.00025125628544109166,0.0002512562862359408,0.00025125628509480464,0.0002512562885336893,0.00025125628715891025,0.0002512562855177183,0.4539950342213309,0.3293690155768595,0.00025125628382173195,0.2123645933362867,0.0002512562870815578,0.000251256286664609,0.0002512562853659454,0.0002512562864939036
159,12,0.00016077170817705436,0.00016077170689524078,0.00016077170808753764,0.05730275045020183,0.00016077170801077708,0.0001607717093386521,0.00016077170752326687,0.00016077170741583715,0.00016077170808726938,0.00016077170768650825,0.0001607717068308319,0.0001607717082297451,0.12302634287753361,0.21401285769057135,0.0001607717064374081,0.5215402448372621,0.05011716241556062,0.03174983782078387,0.00016077170845237937,0.00016077170691419578
159,13,0.00010638298120098099,0.00010638298003066693,0.00010638298078839856,0.18233632819181433,0.00010638298113535385,0.00010638298054090952,0.00010638298107015936,0.0001063829818950871,0.00010638298080083833,0.00010638298072544459,0.00010638298018760847,0.00010638298162793776,0.09562921064380447,0.0001063829814832727,0.00010638298041005014,0.720225950486867,0.00010638298130504207,0.00010638298116635575,0.0001063829818284125,0.00010638298131752051
159,14,0.00020080321771069864,0.00020080321442872065,0.00020080321737558473,0.08041474592009223,0.00020080321655559344,0.0002008032183341106,0.00020080321722795003,0.00020080321611947962,0.00020080321637730867,0.00020080321726303728,0.00020080321592009883,0.00020080321622226795,0.0002008032179822463,0.27580488150748717,0.00020080321521254908,0.4423271743469998,0.1982403467573225,0.00020080321818577234,0.00020080321621555815,0.00020080321696730734
159,15,8.196721496415997e-05,8.196721476662015e-05,8.196721500500959e-05,8.196721456551458e-05,8.196721515641858e-05,8.196721435143887e-05,0.10720314511910808,8.19672152304503e-05,8.196721505626346e-05,0.000318520329992223,8.196721622290683e-05,0.3053620353359885,8.196721499875514e-05,0.32262421467050356,8.196721472370652e-05,0.19854257850467188,0.06480196503032702,8.196721468763408e-05,8.196721482959039e-05,8.196721485038974e-05
159,16,0.0001811594243775022,0.00018115942364494515,0.00018115942376151648,0.00018115942518060567,0.0001811594249022866,0.0001811594232450651,0.00018115942467010907,0.13988462843758998,0.00018115942504699602,0.00018115942554763776,0.00018115942316240913,0.26500671102157997,0.00018115942539327596,0.00018115942468968123,0.00018115942694368382,0.3285491775683898,0.2636609321784232,0.00018115942418591024,0.0001811594251806117,0.00018115942408490336
159,17,8.090615029090207e-05,8.090615064334364e-05,8.090615084305667e-05,0.043947984471902166,8.090615084799661e-05,8.09061502100106e-05,0.03550306972639126,0.07339559743627483,8.090615056010791e-05,0.07035878630715106,8.090615061510902e-05,8.090615090760439e-05,0.08065358035849128,8.090615082688234e-05,8.09061511951942e-05,0.6950082955896855,8.090615091131848e-05,8.090615093657657e-05,8.090615078295519e-05,8.090615053284304e-05
159,18,0.0001650165060571558,0.0001650165034988727,0.00016501650476589388,0.00016501650594673853,0.0001650165053438514,0.0001650165049553409,0.09136459838097556,0.00016501650572371134,0.0001650165054708792,0.0001650165058193954,0.00016501650491423757,0.0001650165052312567,0.6266870371202558,0.00016501650562129083,0.04754435493843789,0.2317637454761066,0.0001650165054750752,0.00016501650558891907,0.00016501650543672964,0.00016501650437476017
159,19,0.00022321428907985248,0.00022321428883769677,0.00022321428979438956,0.22363613874737243,0.00022321429064627157,0.00022321429009344697,0.00022321428824355888,0.0002232142891690587,0.0002232142881275049,0.00022321429317704997,0.0002232142890535483,0.00022321428958591068,0.10899966151118366,0.00022321429165186654,0.00022321428906344992,0.6635695568142859,0.00022321429013308865,0.00022321429151552278,0.00022321429033076578,0.00022321428865506207
159,20,0.0001237623782376345,0.0001237623773746476,0.00012376237989387154,0.00012376237986657144,0.00012376237991754144,0.05447050304854596,0.0001237623787150609,0.000123762378680785,0.00012376237926223655,0.10339593053790444,0.0001237623789212725,0.00012376237887428302,0.19706804828752508,0.00012376237915293724,0.00012376237824705222,0.42481350256360717,0.00012376237958614984,0.21839557987632474,0.0001237623800643575,0.00012376237929832923
159,21,0.00017123287975439225,0.0001712328792231777,0.00017123287997465494,0.0295430974120015,0.00017123287949151548,0.0001712328805793283,0.00017123287993106432,0.00017123287921986114,0.00017123287908671328,0.0001712328800196602,0.00017123287876835987,0.0001712328801248635,0.16685931578992216,0.00017123288089741678,0.00017123288185827876,0.6079777011829499,0.00017123288076348095,0.1928801595357534,0.00017123288043300873,0.00017123287924744439
159,22,7.716049570914168e-05,7.71604950010872e-05,7.716049578802389e-05,7.71604958307118e-05,7.71604957199206e-05,7.716049589761086e-05,7.716049575552683e-05,7.716049573904698e-05,7.716049554297102e-05,7.71604957849529e-05,7.716049507102171e-05,0.13672689418598452,7.716049555566202e-05,0.09506581688546918,7.716049661925441e-05,0.6216017549903854,0.08899626197499322,0.056451864528080674,7.716049584282692e-05,7.71604952291854e-05
159,23,0.0002369668312083092,0.00023696682767995522,0.00023696683095487107,0.00023696682974713541,0.00023696683027320524,0.00023696682949508302,0.00023696683022238012,0.14519795617285725,0.00023696683176741405,0.06588596700598871,0.00023696682816118069,0.1500612406026538,0.00023696682999988254,0.0002369668314865814,0.00023696682865717374,0.2657046337761184,0.00023696683069115857,0.36959569999314723,0.0002369668301255662,0.0002369668287647505
5230,1,0.00011737089490002047,0.00011737089343986224,0.00011737089398015115,0.00011737089511808467,0.00011737089413663186,0.00011737089515365569,0.00011737089412408786,0.00011737089387510105,0.0001173708939405169,0.00011737089461245006,0.00011737089384079146,0.00011737089474374105,0.34409920613025247,0.14961980288697682,0.34136024439609053,0.00011737089479800737,0.00011737089482988914,0.00011737089508824422,0.00011737089471931064,0.1630428122753796
5230,2,0.00014749262871063205,0.00014749262750929747,0.00014749262874030138,0.00014749262927664267,0.0001474926286158916,0.000147492628091351,0.00014749262815362036,0.00014749262866393232,0.00014749262804520456,0.00014749262783448987,0.00014749262806297038,0.00014749262836563886,0.00014749262841651567,0.00014749263240105713,0.2076978402955315,0.00014749262853999817,0.0001474926286967113,0.00014749262888573523,0.00014749262859967954,0.7896472923888588
5230,3,0.00015673981477344202,0.00015673981491932061,0.00015673981545492275,0.021332140822139283,0.00015673981601153274,0.00015673981567187862,0.023519110331770673,0.0001567398161709788,0.00015673981569141332,0.0001567398160522811,0.00015673981562274207,0.03232856936114694,0.301407524429406,0.00015673981579246744,0.08900876785118243,0.00015673981512046527,0.11481735007641987,0.0001567398155943452,0.00015673981566098011,0.41554891952539796
5230,4,0.00013368984206434332,0.00013368984129801383,0.0001336898421828592,0.00013368984278947876,0.00013368984259467729,0.00013368984204566983,0.00013368984272137688,0.05813102523341701,0.0001336898426445227,0.00013368984261777188,0.00013368984210190268,0.0001336898425362181,0.20124409168612353,0.06526086488617429,0.08123187205981412,0.00013368984224117628,0.09583332649576955,0.00013368984290955253,0.00013368984259462617,0.49642716184535934
5230,5,0.00035714286638219886,0.0003571428631657201,0.0003571428628384765,0.0003571428649945844,0.000357142861676109,0.0003571428615186803,0.0003571428619547955,0.0003571428631434069,0.000357142864640532,0.00035714286201909837,0.00035714286343991144,0.0003571428644709609,0.4857970538374147,0.0003571428632725075,0.09871616146053369,0.00035714286358999895,0.0003571428629579365,0.0782463767473745,0.00035714286441976105,0.33152612214019245
5230,6,0.00017064846664677897,0.00017064846694487824,0.00017064846732811048,0.00017064846742244696,0.0001706484668513447,0.00017064846646194573,0.00017064846773073554,0.000170648467137687,0.00017064846879916417,0.00017064846790695905,0.00017064846746959626,0.00017064846777685666,0.29375938942567803,0.00017064846754282783,0.22273181768539133,0.00017064846693090472,0.000170648468530302,0.00017064846694691833,0.00017064846787716783,0.480607768942626
5230,7,9.823182907448123e-05,9.82318285828007e-05,9.823182945606994e-05,9.823182985489757e-05,9.823182933557335e-05,9.82318291620589e-05,9.823182934377263e-05,9.823182971434553e-05,9.823182906458635e-05,9.82318296679411e-05,9.823182887420663e-05,9.823182909196318e-05,0.3966669249230253,0.16179459011655148,0.044820508821981256,9.82318308768855e-05,9.823182956292533e-05,9.823182884561083e-05,9.823182921525029e-05,0.39514626686871873
5230,8,0.0026315789821345537,0.0026315789805041153,0.0026315789496688274,0.0026315790174684956,0.0026315789585330492,0.002631578971669719,0.0026315789620976787,0.002631578968443288,0.0026315789637794008,0.0026315789921916516,0.0026315789613992075,0.002631578973167447,0.0026315790227492146,0.0026315789729416646,0.0026315789574099632,0.0026315790041125057,0.0026315789753942223,0.4539130878896095,0.49871849050225386,0.0026315789944717084
5230,9,0.00014204545666548747,0.00014204545663739666,0.0001420454576445161,0.00014204545745686003,0.00014204545714853472,0.00014204545726947385,0.00014204545731676357,0.0001420454570637625,0.00014204545645401764,0.00014204545785138494,0.00014204545768921575,0.00014204545770844998,0.00014204545679955574,0.00014204545775851023,0.00014204545584742257,0.00014204545773848084,0.00014204545751458637,0.0001420454573073315,0.00014204545827640742,0.9973011363118519
5230,10,0.0003030303104812232,0.0003030303083412953,0.0003030303081957245,0.0003030303114405489,0.00030303031012178755,0.00030303030658415246,0.0003030303099173747,0.0003030303109515073,0.12418344514248504,0.00030303030720785814,0.0003030303079294981,0.0003030303115087948,0.3893036397043769,0.0003030303100706291,0.00030303030592873225,0.0003030303082681717,0.12246102813543328,0.00030303030978217894,0.0003030303107824273,0.359203402070193
5230,11,0.0002604166736646422,0.0002604166698951985,0.0002604166707387758,0.00026041667480761156,0.0002604166731111953,0.0002604166695793763,0.00026041667199085946,0.0002604166720720719,0.00026041667215106,0.0002604166725760929,0.00026041667364647765,0.00026041667157531757,0.05033362101876281,0.3895687636760308,0.00026041666921261357,0.00026041667486192196,0.000260416672464922,0.00026041667259934826,0.0002604166709599883,0.5556705318792987
5230,12,0.00013812155043663987,0.00013812154992397658,0.00013812154923775703,0.07728830847646835,0.00013812154995313116,0.00013812155018378118,0.00013812155041097597,0.00013812154984546988,0.00013812154961781226,0.00013812154996014077,0.0001381215494384764,0.00013812155107767934,0.4484291899219607,0.000138121550423347,0.04678154864816278,0.0001381215505031551,0.0001381215495492676,0.00013812155010513037,0.00013812155070438452,0.42529100815203713
5230,13,0.0003787878861568076,0.00037878788227137944,0.00037878788498400064,0.0003787878873157656,0.00037878788569732614,0.00037878788273592234,0.00037878788530274355,0.0003787878840530982,0.0003787878872023493,0.06390337193671865,0.0003787878841660263,0.0003787878835901159,0.0003787878888269762,0.00037878788889547925,0.0003787878829232034,0.00037878788964970753,0.0003787878863413571,0.0003787878862176392,0.0003787878854796319,0.9292784461214718
5230,14,0.00014245014467121478,0.00014245014429416255,0.0001424501446568414,0.00014245014513722274,0.0001424501455310116,0.0001424501443884711,0.0001424501455339691,0.00014245014475998573,0.00014245014583191907,0.0001424501453153302,0.00014245014631150468,0.0001424501450276289,0.00014245014526923167,0.00014245014532738795,0.00014245014387449778,0.00014245014471441942,0.00014245014567779922,0.00014245014567628282,0.0001424501448636415,0.9972934472431375
5230,15,0.10340548846358914,0.0004310344902276996,0.0004310344901674375,0.08403117162230414,0.0004310344916640448,0.00043103448860134374,0.0004310344884286341,0.0004310344906740289,0.00043103449117051914,0.00043103448740888404,0.09625972096809007,0.0004310344963069288,0.515454821264863,0.0004310344906092133,0.00043103448685900245,0.0004310344905879205,0.0004310344933002472,0.19438328031767219,0.00043103449513518145,0.0004310344923403238
5230,16,0.00022727272948277195,0.0002272727298663698,0.00022727273190911707,0.00022727273077921797,0.0002272727312479233,0.00022727272910637346,0.00022727272922782988,0.00022727273046990675,0.00022727273280474152,0.0002272727320968982,0.00022727273079316528,0.00022727272979267702,0.8463862390965852,0.000227272732383905,0.0002272727287725935,0.00022727273145158638,0.0002272727324483117,0.0002272727309979915,0.00022727273058775253,0.14952285174919577
5230,17,9.803921771964437e-05,9.8039216938552e-05,9.803921801661053e-05,9.803921819738807e-05,9.803921774264585e-05,9.803921768440823e-05,9.803921771597733e-05,9.803921769982933e-05,9.803921778527491e-05,9.803921814994073e-05,0.4248432239086419,9.803921786157625e-05,0.22847224719456244,0.22098621465018284,0.015452609216548736,9.803921816797907e-05,9.803921830901584e-05,9.803921794856768e-05,9.803921764378997e-05,0.10877511676248293
5230,18,0.0002304147504264033,0.00023041475059191528,0.00023041475199769894,0.00023041474992427198,0.000230414752329083,0.00023041475183342009,0.000230414752708989,0.00023041475140573735,0.0851523958319285,0.00023041475225619437,0.2766346739540087,0.00023041475201281033,0.40164191526571974,0.15654101352841093,0.009723192379028299,0.0002304147520708184,0.00023041475212197505,0.00023041475097143656,0.00023041475241469687,0.06708100251783822
5230,19,0.00016025641188840132,0.00016025641147858312,0.00016025641192719502,0.00016025641193468981,0.00016025641242238615,0.00016025641186458953,0.00016025641267753012,0.00016025641256032353,0.0001602564125364786,0.00016025641241333875,0.996955128168144,0.00016025641273198466,0.00016025641220469364,0.00016025641277468648,0.00016025641138242322,0.0001602564120310552,0.0001602564127255931,0.00016025641227441722,0.0001602564122920224,0.00016025641173572484
5230,20,8.291874149656189e-05,8.291874128929698e-05,8.291874105641192e-05,8.291874122562171e-05,8.291874116703142e-05,8.291874098248005e-05,8.291874115322757e-05,8.291874116938319e-05,8.291874153361314e-05,8.29187417954735e-05,0.11790798637384863,8.291874152501988e-05,0.3707450508397328,0.2767785874570428,0.07147141037050027,8.291874161561684e-05,0.1618531838384019,8.291874159520196e-05,8.291874154646184e-05,8.291874132235379e-05
5230,21,0.00017123288089580354,0.00017123287971099085,0.00017123287972045485,0.2725515888770377,0.00017123288134102623,0.00017123287938233106,0.00017123288085716513,0.00017123288050588644,0.0001712328814628601,0.00017123287984370793,0.0001712328795419301,0.0001712328813525718,0.5592872833350999,0.08198380441698719,0.00017123288027084233,0.00017123288068858613,0.08343759728331233,0.00017123288127467352,0.0001712328807084488,0.0001712328800056222
5230,22,0.00016666667072897957,0.00016666666918397767,0.00016666667030421463,0.0001666666713111221,0.00016666667105263994,0.0001666666708009789,0.00016666667087730452,0.00016666667062733287,0.00016666667080640415,0.00016666666920232712,0.0001666666706764991,0.11575616700119627,0.5159410080486637,0.15693108543402207,0.00016666667122501808,0.00016666666942128373,0.20870507278788497,0.00016666667084901836,0.00016666667153874998,0.00016666666962701445
5230,23,8.756567645377596e-05,8.756567564258206e-05,8.7565676378485e-05,8.756567665887866e-05,8.756567651383274e-05,8.756567599379887e-05,8.756567606235201e-05,8.756567634549119e-05,0.041895047376869894,8.75656765927575e-05,0.03847860221568425,0.04331888030694246,0.44394889203359156,0.35993214203403023,8.756567625195459e-05,8.756567676515601e-05,0.07120051656451536,8.756567642207653e-05,8.756567633723495e-05,8.75656759479117e-05
5230,24,0.00018656716779353444,0.00018656716719648512,0.00018656716873035505,0.00018656716939346768,0.00018656716936189764,0.0001865671670835016,0.00018656716854096862,0.0001865671687752472,0.0001865671690282507,0.00018656716945785438,0.1451065068901599,0.00018656716885044988,0.4597670876630925,0.30716741902499134,0.00018656716613883208,0.00018656716762226893,0.00018656716819825725,0.00018656716789194297,0.045762976985762836,0.03939750191193023
5230,25,0.00044247788408372673,0.0004424778844361776,0.07166537828704078,0.0004424778872710372,0.0004424778862571609,0.0004424778826398927,0.00044247788677776926,0.0004424778850050129,0.00044247788637954267,0.06875756195017924,0.00044247789028277956,0.0004424778827713269,0.40680347789142846,0.31694050776481125,0.0004424778808500032,0.0004424778888420745,0.00044247788544264746,0.00044247788622207103,0.12919590582263152,0.00044247788664762553
5230,26,0.00016611295806438068,0.9968438537894554,0.000166112958198979,0.00016611295803351027,0.00016611295863818576,0.00016611295764619013,0.0001661129582411597,0.00016611295861773735,0.0001661129582386776,0.00016611295802664917,0.00016611295845001458,0.00016611295836154602,0.00016611295868640283,0.00016611295840964838,0.00016611296062191212,0.0001661129582975081,0.0001661129584174517,0.0001661129586172496,0.00016611295847728674,0.00016611295850022643
5230,27,9.191176661337367e-05,9.191176635170446e-05,9.191176698069045e-05,9.1911766717056e-05,9.191176633634453e-05,9.191176667270115e-05,9.191176669850482e-05,9.191176743155375e-05,9.191176594211816e-05,9.191176747599631e-05,9.19117671617439e-05,9.191176632983446e-05,0.7717075583645263,0.167653871725545,9.191176691884461e-05,9.191176700219178e-05,9.191176685313791e-05,9.1911766666592e-05,9.191176668614278e-05,0.05907606987509012
5230,28,9.345794586134222e-05,9.345794614336267e-05,9.345794618402589e-05,0.1014292994722096,9.345794645274347e-05,9.345794590496759e-05,9.345794645443689e-05,9.345794686058569e-05,9.345794598995977e-05,9.34579461451303e-05,0.050553367381633046,9.345794659440121e-05,0.6735294156677589,9.345794607743514e-05,0.011681254339395286,0.05165199876641608,9.345794644890725e-05,9.34579463783114e-05,9.345794651464762e-05,0.10984625312457663
36,1,0.07687202938055536,0.00012886598201610735,0.000128865981833459,0.10025818917067814,0.00012886598268661514,0.00012886598201142355,0.00012886598266540034,0.00012886598266969587,0.0001288659824223007,0.0001288659817671907,0.007545290260938101,0.3237734269548672,0.0001288659819646336,0.00012886598300954869,0.0001288659835188567,0.0001288659818080175,0.00012886598252572146,0.4765040776804878,0.013242862799648042,0.00012886598192641665
36,2,0.00018939394357140343,0.0001893939438103699,0.00018939394418611815,0.00018939394461334446,0.0001893939447829277,0.00018939394432330412,0.0001893939442657046,0.00018939394392532342,0.00018939394311952518,0.00018939394186036034,0.00018939394322322158,0.00018939394356411857,0.20587561711370256,0.00018939394497969692,0.00018939394237875356,0.0694522009461254,0.0001893939445983091,0.6723973787759988,0.04924450006347142,0.00018939394349914187
36,3,0.00027472528046500704,0.0002747252797526165,0.0002747252811794353,0.06987932400648618,0.00027472528146562123,0.00027472527984063533,0.0002747252815447585,0.00027472528161795343,0.0002747252799538383,0.0002747252785046181,0.00027472527967491075,0.00027472528270156005,0.00027472528213370087,0.00027472528192226155,0.00027472527818918677,0.00027472528313212476,0.31582649470621066,0.6096238515150243,0.00027472528060724124,0.0002747252795932989
36,4,0.00025380711170212,0.13308331944649013,0.000253807111117311,0.1256338790407832,0.0002538071125167275,0.00025380711361212165,0.00025380711159503794,0.0002538071125217051,0.0002538071117538155,0.0002538071092101231,0.00025380711125784196,0.0002538071142910063,0.1288804839337595,0.00025380711232902715,0.0002538071088668333,0.16211286008798392,0.04223197920672988,0.4045041787192483,0.0002538071129118766,0.0002538071113196144
36,5,0.00020242915499658665,0.00020242915360771843,0.0002024291544463263,0.17895547075357537,0.00020242915462742603,0.00020242915309598002,0.00020242915544949622,0.00020242915362633858,0.0002024291543395194,0.00020242915412567363,0.00020242915731847943,0.00020242915595166544,0.00020242915287787714,0.00020242915506004443,0.0002024291526804647,0.00020242915447572682,0.0002024291547046847,0.8174008044656434,0.00020242915503689257,0.00020242915436033843
36,6,0.0003086419813112931,0.00030864198243505634,0.060533599213282996,0.0003086419820924291,0.00030864198257935665,0.0003086419797449924,0.0003086419823870847,0.08902113204810586,0.00030864198377449027,0.0003086419853168157,0.03596469208115302,0.0003086419839654782,0.059487864625363346,0.00030864198333034696,0.0003086419805865644,0.0003086419813235649,0.00030864198365686084,0.7503630822964507,0.00030864198271097375,0.000308641980428988
36,7,0.00020161290851383515,0.00020161290626623978,0.00020161290886881072,0.00020161290820623683,0.00020161290842105091,0.00020161290666854828,0.0002016129082442585,0.02973790017062896,0.1476039453220481,0.0002016129085348353,0.05618496038022109,0.00020161290787372427,0.0002016129090620512,0.27004898313197456,0.09384788374258708,0.0002016129088646366,0.00020161290862433755,0.3997537465374358,0.00020161290811272276,0.0002016129088430707
36,8,0.00027027027426614395,0.00027027027385326296,0.00027027027379313473,0.00027027027781775656,0.0002702702771532657,0.00027027027438713706,0.00027027027447807343,0.14561045021156865,0.0002702702780214887,0.00027027027794751177,0.00027027027697955515,0.04268537704868087,0.0002702702764697803,0.0002702702770539386,0.00027027027375266276,0.0002702702745981649,0.0002702702777892951,0.7214102753635515,0.08596957296196349,0.0002702702758744578
36,9,0.0001305483059319158,0.00013054830544965005,0.00013054830510258789,0.00013054830565921977,0.00013054830595762474,0.00013054830498005865,0.00013054830607048794,0.00013054830674359878,0.00013054830555665972,0.0001305483066433884,0.00013054830535825515,0.00013054830587789647,0.24139745580189745,0.00013054830572970823,0.008612225108946716,0.0001305483055102585,0.22526771265596382,0.5226338335414396,0.00013054830601458138,0.00013054830516662325
36,10,0.04867267796636627,0.00012594458631545377,0.00012594458655972742,0.0001259445873735923,0.00012594458715971436,0.00012594458642257078,0.00012594458669745541,0.00012594458712550445,0.00012594458622790513,0.0001259445871312599,0.00012594458591840173,0.00012594458651552613,0.23534553684216294,0.00012594458695561206,0.018237813449858982,0.0001259445871177491,0.0001259445870743678,0.6957288583538425,0.00012594458711489567,0.00012594458605968612
36,11,0.0001400560258555273,0.0001400560245038036,0.0001400560256739527,0.00014005602540068717,0.00014005602596393137,0.0001400560253156851,0.0001400560259106499,0.000140056026012807,0.00014005602658413794,0.00014005602712852664,0.00014005602580077366,0.0001400560265199524,0.251907141961403,0.00014005602677473643,0.00014005602439002939,0.00014005602506268186,0.00014005602603195733,0.7455718495738514,0.00014005602658040105,0.0001400560252353106
36,12,7.564296676132257e-05,7.564296628765905e-05,7.564296762037848e-05,0.10788304212193034,7.56429671965884e-05,7.56429665208898e-05,7.564296691231155e-05,7.564296718630708e-05,7.56429679265129e-05,7.564296692333028e-05,7.564296644038266e-05,7.564296699979292e-05,0.30430085614729574,7.564296742112614e-05,7.564296734244748e-05,7.564296711220991e-05,7.564296734665138e-05,0.586530171290652,7.564296710006712e-05,7.564296702401225e-05
36,13,0.00015337423610328586,0.00015337423623309422,0.0001533742362826469,0.00015337423679777893,0.0001533742365928699,0.00015337423618203282,0.00015337423647787614,0.00015337423638697652,0.00015337423583592356,0.00015337423694363419,0.00015337423569112218,0.10223910404519426,0.00015337423687152265,0.3259729109398495,0.000153374239166952,0.00015337423717678612,0.00015337423665796307,0.5691806229924816,0.00015337423725026483,0.00015337423582393198
36,14,7.716049542776943e-05,7.716049528886004e-05,7.716049554940967e-05,7.716049570140183e-05,7.716049589622775e-05,7.716049516800507e-05,7.716049585009144e-05,7.716049589267634e-05,0.0879131115541194,7.716049575534143e-05,7.716049561975541e-05,0.034287299497224664,0.3081783045664077,7.71604957248301e-05,7.716049522972026e-05,7.716049536652903e-05,7.716049583173023e-05,0.35549259506957914,0.21297128187794795,7.71604964187589e-05
36,15,0.00010526316027885918,0.00010526315957773565,0.00010526316016215368,0.1371562816489809,0.00010526316010862724,0.00010526316393790254,0.00010526316016669161,0.0001052631603457285,0.00010526315965278025,0.00010526316000052116,0.00010526315976049516,0.0001052631601760153,0.0001052631606355448,0.00010526316117040143,0.00010526315903488923,0.00010526316015534378,0.0001052631601871799,0.7143297145869165,0.14672453003853692,0.0001052631602146593
36,16,6.369426880346065e-05,6.369426869192735e-05,6.369426872281793e-05,0.10886241436510452,6.369426917697203e-05,6.369426860285821e-05,6.369426898729087e-05,6.369426945254787e-05,6.369426924012361e-05,6.369426909986402e-05,6.369426841766104e-05,6.36942693805108e-05,0.4009049736278635,6.369426888051817e-05,0.058641074310513526,0.07969404717784763,6.369426910876623e-05,0.2931168380876233,0.05788893266591387,6.369426856855828e-05
36,17,8.928571602250765e-05,8.928571613761976e-05,8.928571549329881e-05,0.14459030952583196,8.928571657853124e-05,8.928571614044204e-05,8.928571588126778e-05,8.928571629210588e-05,8.928571585434523e-05,8.928571560631262e-05,8.928571584721809e-05,8.928571657866148e-05,8.928571633361159e-05,8.928571603305587e-05,0.09273512924804855,8.928571682333018e-05,8.928571621301641e-05,0.4475851202176646,0.31366086955112576,8.928571549379038e-05
36,18,0.00011363636638181177,0.00011363636520234316,0.00011363636584472525,0.00011363636649486349,0.00011363636625061268,0.0001136363657104733,0.00011363636601335188,0.00011363636591774152,0.00011363636612081984,0.00011363636580213825,0.00011363636577327382,0.00011363636618015706,0.3435168403321408,0.05517453015656635,0.00011363636767347727,0.00011363636867051308,0.00011363636647971972,0.5993768112847627,0.00011363636653774569,0.00011363636547652585
36,19,0.06760301611276803,8.710801552822514e-05,8.710801571649704e-05,8.710801615340967e-05,8.710801577110578e-05,8.710801580087189e-05,0.06004787743651006,8.71080161913953e-05,8.710801610603122e-05,8.710801547653488e-05,8.710801564310607e-05,0.29860019685770955,8.710801614725916e-05,0.15987270035734294,8.710801491809933e-05,0.06291101058731105,8.710801576536816e-05,0.3497456864273498,8.710801620493875e-05,8.710801558573104e-05
36,20,0.18360384092030047,0.00014492753858591007,0.00014492753976657073,0.00014492753963082732,0.000144927540024701,0.00014492753949356114,0.00014492754029141823,0.00014492753999162907,0.00014492753962038835,0.00014492753931935284,0.00014492753813862054,0.0001449275399653577,0.04097829967767553,0.06658131473335417,0.00014492753804421743,0.0001449275396945193,0.00014492753944701867,0.5362398151107829,0.17042281646711646,0.00014492753875642924
36,21,0.1290142466773048,0.00019011407136144043,0.0001901140725552446,0.00019011407346209295,0.00019011407206561602,0.0001901140718289193,0.0001901140730298455,0.0001901140722641503,0.00019011407191453684,0.13892032535074147,0.00019011407225694347,0.00019011407264169677,0.37077821740960537,0.00019011407368297144,0.0001901140712059561,0.0001901140729652162,0.00019011407317895385,0.3582453854034766,0.00019011407260304195,0.0001901140718550154
36,22,0.00028735632699871435,0.00028735632890317564,0.0002873563285848706,0.00028735633008171067,0.0002873563299087235,0.00028735632587228896,0.0002873563293629524,0.0002873563305969711,0.0002873563285394814,0.00028735632612621745,0.00028735632756646533,0.0002873563284111225,0.22208700823849284,0.0002873563307177226,0.00028735632386789247,0.17140940232065097,0.00028735633104248797,0.6016185318536771,0.0002873563298013907,0.0002873563307970136
36,23,0.0002590673623305787,0.00025906736190087605,0.00025906736224773894,0.00025906736399480926,0.0002590673625403058,0.0002590673612723744,0.00025906736164599026,0.0002590673636042874,0.0002590673619222286,0.0002590673628191615,0.00025906736048042733,0.00025906736466897436,0.00025906736197947426,0.0002590673625927419,0.0002590673590196662,0.00025906739263052925,0.0002590673624123658,0.995077720088536,0.00025906736400369923,0.0002590673593978145
36,24,5.070994037236397e-05,5.0709939952494824e-05,5.0709940278413594e-05,5.070994030822606e-05,5.070994039664218e-05,5.0709939942054384e-05,5.070994033318168e-05,5.070994047700927e-05,5.0709940349245375e-05,0.16814974781105482,5.0709940158659e-05,5.0709940428727254e-05,5.0709940400577164e-05,0.16640024371669498,5.0709939987358e-05,0.010700940038294124,0.404589976632947,0.2306572409216125,0.018791911715877036,5.070994013462625e-05
36,25,9.596929217513116e-05,9.596929133210715e-05,9.596929219685829e-05,0.07787050235477291,9.596929207195014e-05,9.59692923928452e-05,9.596929194197366e-05,9.596929204444423e-05,9.596929181935076e-05,0.039054984704653406,9.596929176971534e-05,0.0503817161975968,9.59692926695551e-05,9.596929173921375e-05,0.013098218677435883,9.596929210257874e-05,9.596929214029973e-05,0.7480477571321301,0.07020325084563235,9.596929138249836e-05
36,26,0.00015822785208433862,0.0001582278505027907,0.00015822785075342774,0.08926659732075498,0.00015822785192670853,0.00015822785064011928,0.00015822785207204976,0.00015822785167430399,0.00015822785225222763,0.0001582278520805064,0.00015822785115905387,0.00015822785246881558,0.12634545956557713,0.00015822785111039024,0.024268189310280523,0.00015822785250766842,0.16636164639404374,0.4464759471766008,0.14506697030937724,0.00015822785213320253
36,27,0.00021834061744154584,0.0002183406151264006,0.0002183406155613389,0.0002183406167487591,0.14833489207321032,0.00021834061701786714,0.00021834061708986572,0.15278841342614388,0.115091853407836,0.0002183406167311163,0.0002183406145986702,0.16802433872512978,0.00021834061572849933,0.0002183406171544567,0.00021834062323232886,0.0002183406166414646,0.00021834061656858728,0.4124853931157957,0.00021834061735091645,0.0002183406148925401
1013,1,5.910165619794226e-05,5.9101655788921236e-05,5.910165618898041e-05,5.910165633839712e-05,5.910165631990157e-05,0.004304762942499476,5.910165629718801e-05,5.910165627919736e-05,5.910165620106298e-05,5.9101656196340106e-05,5.910165578130231e-05,0.16251676799312054,5.910165604382698e-05,0.4054813998063472,5.9101655588939203e-05,5.9101656191169044e-05,0.3622964114916159,5.9101656423776774e-05,0.04858180400062268,0.01599143057995734
1013,2,0.00012562814379670845,0.00012562814301420936,0.0001256281435418276,0.1506108208608253,0.0290159838140866,0.0001256281433551422,0.00012562814396553114,0.00012562814364812714,0.00012562814360988958,0.0001256281431804093,0.00012562814288721467,0.00012562814393965715,0.00012562814387510375,0.4534982240834154,0.00012562814227019657,0.00012562814417172742,0.13197677058803733,0.06145930686995419,0.15530367981226778,0.01650204810615763
1013,3,0.00012254902195454661,0.00012254902148852177,0.000122549022375144,0.00012254902263305798,0.0001225490228799289,0.030099838096151705,0.0001225490224440869,0.00012254902231930123,0.00012254902219049647,0.00012254902220620506,0.000122549022451732,0.00012254902309103956,0.00012254902242326302,0.5882230025620488,0.0001225490226672835,0.00012254902282914893,0.379593825960436,0.0001225490230000791,0.00012254902251809067,0.00012254902189132012
1013,4,0.0002336448642341556,0.0002336448627531252,0.0002336448630488713,0.00023364486600246852,0.00023364486570463762,0.00023364486624411087,0.00023364486423154494,0.00023364486399976426,0.00023364486419755957,0.00023364486361398266,0.00023364486675746536,0.00023364486521407506,0.0002336448652484189,0.9955607475724351,0.000233644862444751,0.0002336448641066657,0.00023364486523047296,0.0002336448651772329,0.00023364486474601105,0.00023364486460986079
1013,5,0.00014124294133749252,0.00014124293992295322,0.0001412429407947855,0.00014124294119948917,0.14592617080250508,0.18528731274728932,0.0001412429416302142,0.00014124294133080177,0.0001412429414240524,0.00014124294088032127,0.00014124294125050327,0.04942555088540169,0.00014124294108494836,0.41268249179232064,0.00014124294309338204,0.00014124294052420648,0.00014124294143522484,0.0951425901409666,0.10955848245486074,0.0001412429407473417
1013,6,0.00023474178869322855,0.00023474178717576208,0.00023474178752773888,0.15236839829649773,0.00023474178798007703,0.20057505185114677,0.0002347417876410795,0.00023474178777285314,0.0002347417885611374,0.00023474178701891765,0.0002347417889559119,0.00023474178857082594,0.0002347417895365098,0.6430659394533956,0.00023474178711521375,0.00023474178851273428,0.00023474178825411227,0.0002347417899484855,0.00023474178925639045,0.00023474178643891695
1013,7,0.00019455253403853758,0.0001945525309117647,0.00019455253367541133,0.3733854175382749,0.00019455253183134848,0.2872238073186474,0.00019455253232202773,0.00019455253177501762,0.00019455253170671757,0.0001945525312770488,0.00019455253130594498,0.00019455253224842206,0.00019455253293503135,0.12605917956976206,0.00019455253284721136,0.00019455253311187752,0.000194552532981676,0.21021875505459106,0.0001945525335456108,0.0001945525322112448
1013,8,0.00022123894105145067,0.0002212389402375399,0.00022123894007290246,0.00022123894220990763,0.0002212389409811336,0.9957964601257064,0.0002212389407534037,0.0002212389405907179,0.00022123894050707886,0.00022123894042165728,0.00022123894004133182,0.0002212389413169178,0.00022123894060299448,0.00022123894097346515,0.00022123893915171306,0.0002212389414331522,0.0002212389406036521,0.00022123894206237265,0.0002212389416429053,0.00022123893963921484
1013,9,0.00010309278611297555,0.00010309278519513003,0.00010309278614770861,0.3681985200356144,0.00010309278624130486,0.15140406338915058,0.00010309278586048812,0.00010309278643328283,0.00010309278589017783,0.00010309278536406844,0.00010309278559090244,0.00010309278616647007,0.00010309278593605221,0.3640204264356569,0.00010309278472060541,0.11472750556639955,0.00010309278590819179,0.00010309278615588423,0.00010309278624828461,0.00010309278520713257
1013,10,0.00020325203735205495,0.00020325203462882825,0.00020325203611872833,0.39363173668003715,0.00020325203656266686,0.2664755232282098,0.00020325203715251616,0.00020325203680023713,0.00020325203665942095,0.0002032520383123803,0.00020325203485765375,0.00020325203717828203,0.00020325203556353065,0.3364374554680029,0.00020325203509835268,0.00020325203671020574,0.00020325203825652646,0.00020325203751489344,0.00020325203917930684,0.00020325203580452993
1013,11,9.057971230170793e-05,9.05797116174113e-05,9.057971218010666e-05,0.2996467033703041,9.05797123640717e-05,9.057971267332632e-05,9.057971232589738e-05,9.057971207345563e-05,9.057971172164752e-05,9.057971155833255e-05,9.057971147478993e-05,9.057971227405072e-05,9.057971186447225e-05,0.40699886338315755,9.057971106871895e-05,0.13825409265467478,9.057971215572553e-05,0.1536510651999642,9.057971244659886e-05,9.057971179913918e-05
1013,12,0.00021645022201126907,0.0002164502209769148,0.00021645022089627626,0.20611006325910836,0.00021645022165654262,0.00021645022098429678,0.00021645022256830713,0.00021645022249240496,0.00021645021967999726,0.0002164502198035623,0.0002164502199915811,0.00021645022283130585,0.0875797480892941,0.4992774407148355,0.0002164502196525984,0.20356954439739586,0.00021645022184617934,0.00021645022152322457,0.00021645022161639494,0.00021645022083533453
1013,13,0.0001336898423985652,0.00013368984154796634,0.00013368984256380872,0.00013368984296752243,0.055955109164826634,0.0001336898426777926,0.1625862925027836,0.0001336898428634591,0.00013368984255854714,0.0001336898431129319,0.0001336898413886294,0.000133689843018274,0.00013368984231153266,0.7791858710087453,0.00013368984132094598,0.00013368984284243524,0.0001336898428082211,0.00013368984214132446,0.00013368984241342107,0.00013368984470919448
1013,14,0.14344135438725486,0.0001592356716248335,0.00015923567220905584,0.38261713093302047,0.00015923567242132487,0.0001592356717133125,0.00015923567276054614,0.00015923567251330725,0.0001592356717667048,0.00015923567119423566,0.00015923567136336784,0.00015923567279154438,0.00015923567222227123,0.47123450825534974,0.00015923567077340004,0.0001592356728315263,0.00015923567257403333,0.00015923567206728,0.0001592356721239748,0.0001592356714244666
1013,15,9.174312169940346e-05,9.174312056316632e-05,9.17431213498206e-05,0.3152510668954914,9.174312152479555e-05,9.174312084693572e-05,0.07132389423611964,9.174312126158037e-05,9.174312112583502e-05,9.17431215417662e-05,9.174312051425467e-05,9.174312139457601e-05,9.174312146379256e-05,0.5430624318824204,9.17431202325559e-05,0.06889471704689636,9.174312151254503e-05,9.174312154877107e-05,9.17431214319687e-05,9.174312106059969e-05
1013,16,0.00013440860528243136,0.0001344086045535757,0.00013440860522039954,0.00013440860627981436,0.00013440860571555804,0.015498291272039232,0.00013440860570662836,0.00013440860531164014,0.0001344086055185625,0.00013440860531797451,0.00013440860396606288,0.00013440860538125777,0.00013440860488754305,0.9820823538334149,0.00013440860341841696,0.0001344086058775737,0.00013440860543532666,0.00013440860606750107,0.00013440860596578038,0.00013440860464001414
1013,17,0.049681258727060654,0.00010060362294807618,0.00010060362356772733,0.508812147165804,0.00010060362364405914,0.00010060362445001343,0.00010060362375517537,0.00010060362354000511,0.00010060362354155132,0.0001006036231423761,0.00010060362274609604,0.0001006036235332563,0.00010060362414094658,0.34447800609135515,0.00010060362278793265,0.0001006036241680697,0.00010060362399523986,0.09541893003854524,0.00010060362413861264,0.00010060362313581073
1013,18,0.00010775862338457282,0.00010775862288805142,0.00010775862296102929,0.16172407310987547,0.0001077586236970279,0.129745978386984,0.00010775862361638392,0.0001077586236803164,0.00010775862289046139,0.00010775862351739442,0.00010775862235108417,0.0001077586235863892,0.00010775862256676764,0.4581821496429728,0.00010775862855811667,0.00010775862334778262,0.00010775862342197566,0.11065489603120343,0.1380765234762322,0.00010775862226465999
1013,19,9.345794638853665e-05,9.345794553490003e-05,9.345794583026605e-05,0.33027626169058727,9.345794598343465e-05,0.15544937365855582,9.345794619802278e-05,9.345794607928491e-05,9.345794626505521e-05,9.345794591616306e-05,9.345794593251034e-05,9.345794623936027e-05,9.345794580287612e-05,0.3868033372239743,9.345794494221938e-05,9.345794640195563e-05,9.345794581028126e-05,0.12146530517674234,9.345794607921793e-05,0.004603853060736221
1013,20,0.00012135922648165585,0.000121359225287201,0.00012135922607637937,0.00012135922605131024,0.12202848172378948,0.00012135922650637393,0.00012135922600179921,0.00012135922634245593,0.0001213592265010031,0.00012135922578579786,0.00012135922535513188,0.05635039890967838,0.0001213592257018652,0.7248137794288857,0.00012135922543448118,0.00012135922565961205,0.000121359226258022,0.09486559232012419,0.00012135922613132967,0.0001213592279477999
1013,21,6.613756747064912e-05,6.613756731662912e-05,6.613756748317443e-05,6.613756782427456e-05,6.613756781633771e-05,6.613756781483165e-05,6.613756763480904e-05,6.613756762632735e-05,6.613756769638909e-05,6.613756750085517e-05,6.613756771269147e-05,6.613756786971349e-05,0.12177292170895694,0.5264431076687397,6.613756701168598e-05,6.61375679174037e-05,0.13706018141881235,0.11240844035138646,0.10132328533723207,6.61375681766661e-05
1013,22,0.0002702702750655111,0.00027027027522797016,0.0002702702759879209,0.00027027027488489493,0.18161502103470795,0.00027027027772868865,0.00027027027629845766,0.00027027027740503224,0.000270270275767721,0.00027027027407460467,0.00027027027280022916,0.2651250382715451,0.00027027027440062746,0.3615075567831103,0.00027027027283223654,0.0002702702741529189,0.00027027027638567175,0.00027027027619567264,0.06668123952058456,0.12101709026084383
1013,23,0.00013054830623473407,0.00013054830539039353,0.00013054830572404436,0.07460836004975732,0.1127392729451584,0.10746675768022616,0.11191976552935728,0.0001305483059468181,0.00013054830612658545,0.00013054830486195995,0.00013054830476057092,0.262274431563856,0.00013054830503424686,0.1311444665918499,0.00013054830530430506,0.056286245933838054,0.0001305483060209446,0.0001305483061465051,0.12779760720271377,0.01432706114169215
1013,24,0.07195857369052919,5.537098683953553e-05,5.537098671202454e-05,0.10921803245012622,0.018399031270710416,5.5370987076309815e-05,0.12188996008078275,0.15933835489361423,5.537098695915793e-05,5.5370986671854944e-05,5.537098730044533e-05,0.18760311703214436,5.537098662357158e-05,0.3308731077536551,5.5370986097265116e-05,5.53709868977454e-05,5.537098678751917e-05,5.537098687381953e-05,5.537098698310767e-05,5.5370986615413466e-05
1013,25,6.393862061103475e-05,6.393862003623077e-05,6.39386202753017e-05,0.20783618676774215,6.393862052462314e-05,0.04713010417791809,6.393862056296727e-05,0.08032141871187187,6.393862045678138e-05,6.393862030897221e-05,6.393861995544315e-05,0.11567787183516946,6.393862001548792e-05,0.45956856291230974,6.393861948732374e-05,6.3938620681093e-05,6.393862020164314e-05,6.393862042065224e-05,0.07527346375096669,0.013361189780484718
1013,26,0.0005494505626998062,0.0005494505569323054,0.0005494505593897056,0.0005494505633839283,0.0005494505628936325,0.12021737856490848,0.0005494505616394894,0.0005494505621025447,0.0005494505602510043,0.869892511327632,0.0005494505571420534,0.0005494505600156762,0.0005494505606984377,0.0005494505630058918,0.00054945055330727,0.0005494505585807811,0.0005494505585009388,0.0005494505592274569,0.000549450590632437,0.0005494505570563099
12163,1,0.00011086474750812039,0.00011086474693714414,0.06012012872133525,0.04890253818906358,0.00011086474740776692,0.00011086474750386824,0.00011086474790408453,0.00011086474746649984,0.00011086474807598596,0.12161573779158655,0.0001108647475638679,0.00011086474789418987,0.16249462350454225,0.4345766481043223,0.02310591662880414,0.10578865481221028,0.00011086474783379818,0.00011086474772615449,0.00011086474753981626,0.04206537527677435
12163,2,0.00014836795576059322,0.00014836795468800684,0.00014836795566767162,0.00014836795646995746,0.14571356855436415,0.000148367955981505,0.00014836795586661654,0.00014836795616979693,0.00014836795588236808,0.12779387091869338,0.00014836795718159367,0.00014836795636974937,0.0001483679561778685,0.16647589617567543,0.00014836795454056426,0.11522427330534493,0.44256687170651177,0.00014836795614553143,0.00014836795605129366,0.00014836795645718637
12163,3,0.08610919591038049,0.0001901140705190504,0.12042487319470399,0.556042106968344,0.00019011407249129797,0.00019011407208700633,0.0001901140737580853,0.0001901140722294256,0.00019011407262980648,0.0001901140716783355,0.12852133538011085,0.00019011407217157754,0.00019011407330113913,0.00019011407306201885,0.0001901140706571194,0.00019011407233882952,0.0001901140725202007,0.10605077746233767,0.00019011407220780697,0.00019011407247133358
12163,4,6.59630623158577e-05,6.596306164390253e-05,6.596306225020181e-05,0.36670104467182874,6.596306252428823e-05,6.596306181872625e-05,6.596306244384192e-05,6.596306244586795e-05,6.596306218507822e-05,0.09520735577571253,6.596306214828387e-05,6.596306243508452e-05,6.596306241384045e-05,0.407714808594529,6.596306197354199e-05,6.5963062174188e-05,0.12932138196274423,6.596306204693259e-05,6.596306214354056e-05,6.596306222233967e-05
12163,5,0.0001865671670226294,0.00018656716821978026,0.00018656716719697272,0.9964552237728058,0.0001865671691133305,0.00018656716627135758,0.00018656716767715773,0.0001865671670410046,0.00018656717005626497,0.00018656716625876989,0.00018656716920476034,0.00018656716804197587,0.00018656720787957627,0.00018656716751318144,0.00018656716580977035,0.0001865671674002205,0.00018656716748511356,0.0001865671691509074,0.00018656716861751863,0.00018656716723401554
12163,6,9.328358400518428e-05,9.328358326435482e-05,9.328358454373245e-05,0.6551576243251155,9.328358422538986e-05,9.328358341126043e-05,9.328358429735538e-05,9.328358446693689e-05,0.04095328619607007,9.32835843405174e-05,9.328358423634791e-05,0.08378437900837347,0.05256591968626653,0.16613953702345227,9.328358352440449e-05,9.328358376025484e-05,9.328358438642848e-05,9.32835839032978e-05,9.328358404125939e-05,9.328358431548996e-05
12163,7,7.849293740361822e-05,7.849293683183503e-05,7.849293748834315e-05,0.22418400509482544,7.849293750761885e-05,7.84929367148338e-05,7.849293754125652e-05,0.03683781714522791,0.10061955103133961,0.09330414172382442,7.84929375617248e-05,0.23429856001581953,0.0255518365204903,0.28418368028178187,7.849293865976432e-05,7.84929373650442e-05,7.849293768363261e-05,7.84929373368839e-05,7.84929372752646e-05,7.849293732085809e-05
12163,8,6.410256552021193e-05,6.41025651775772e-05,6.410256514075088e-05,0.9987651564433144,6.410256517379366e-05,6.410256555166948e-05,6.410256519750474e-05,6.410256513111744e-05,6.410256517473873e-05,6.410256531293216e-05,6.410256523378746e-05,6.410256505453135e-05,8.099738137886326e-05,6.41025656306416e-05,6.410256473363954e-05,6.410256589128464e-05,6.410256528429815e-05,6.410256563637627e-05,6.41025652914798e-05,6.410256517030636e-05
12163,9,0.00012594458664883144,0.00012594458571996587,0.00012594458707454044,0.8419784810232661,0.00012594458700049076,0.0001259445882883843,0.00012594458713915895,0.05699782230133694,0.0001259445874781182,0.00012594458769314495,0.0001259445857678262,0.00012594458732689332,0.00012594458765014319,0.034294385041654045,0.06471419824143429,0.00012594458684784754,0.0001259445869138412,0.0001259445863116645,0.00012594458715087586,0.00012594458729679625
12163,10,6.944444581846619e-05,6.944444567986546e-05,6.944444564795534e-05,0.998680555528343,6.944444572555001e-05,6.944444562114446e-05,6.944444596489492e-05,6.944444577191044e-05,6.944444573348896e-05,6.944444608362948e-05,6.944444633828565e-05,6.94444460936781e-05,6.944444580334244e-05,6.94444458249238e-05,6.944444514966743e-05,6.944444602103458e-05,6.944444574281436e-05,6.944444712823957e-05,6.944444582656292e-05,6.944444568151034e-05
12163,11,7.385524532041739e-05,7.385524459222811e-05,7.38552453598885e-05,7.385524515024113e-05,7.385524518751652e-05,7.385524490125419e-05,7.38552451704238e-05,7.385524526850786e-05,7.385524485862336e-05,0.8141288902112642,7.385524493263074e-05,7.385524513136665e-05,7.385524518375201e-05,7.385524537172878e-05,7.385524465264161e-05,7.385524519770873e-05,0.18454171537657163,7.385524493846311e-05,7.385524517731742e-05,7.385524576952182e-05
12163,12,5.988024063702407e-05,5.988024062791127e-05,5.988024078398991e-05,0.7066981627270073,5.9880241020004515e-05,5.9880240834878694e-05,5.988024096531797e-05,0.04042135027430696,5.9880241113018104e-05,0.12268211146954924,5.988024154649464e-05,5.988024113591088e-05,5.988024109822303e-05,0.033261459570273245,0.009084759145852717,5.9880240752017134e-05,0.087013833439641,5.9880241067276204e-05,5.9880241088075084e-05,5.988024069933011e-05
12163,13,0.0001893939428888394,0.00018939394153516078,0.00018939394192995848,0.7305951492157607,0.00018939394299438532,0.0001893939426490488,0.00018939394210163994,0.00018939394243070948,0.0001893939437642107,0.00018939394217476596,0.00018939394221310172,0.11012937193824689,0.00018939394280542655,0.00018939394308753503,0.0001893939410188614,0.0001893939438776322,0.00018939394232572984,0.15605578182234778,0.00018939394388031928,0.0001893939419673024
12163,14,0.0001173708946506306,0.00011737089376968849,0.00011737089443423021,0.20848091567381347,0.00011737089511065222,0.00011737089496847344,0.0001173708944808883,0.044978890302384965,0.00011737089513669942,0.0001173708952695822,0.00011737089413567567,0.17894991342526864,0.00011737089409471044,0.00011737089449842132,0.00011737089336391978,0.00011737089412229673,0.00011737089474034977,0.00011737089488615813,0.5657123462871113,0.00011737089375917496
12163,15,7.788162156108568e-05,7.788162140445093e-05,7.788162181805895e-05,0.2937985751315727,7.788162192191743e-05,7.788162141597577e-05,7.788162176857675e-05,0.1836326354742051,7.788162186501422e-05,0.03588171917923978,7.788162119517396e-05,0.06849125578215634,7.788162130829039e-05,7.788162174830504e-05,0.15073784623909822,7.78816215946409e-05,0.2663676254912255,7.788162181410346e-05,7.78816218160129e-05,7.788162127069268e-05
12163,16,7.3313784929859e-05,7.331378410028743e-05,7.33137847096308e-05,0.6204219509268609,7.33137848022186e-05,7.331378493964225e-05,7.331378502362017e-05,7.331378497434234e-05,7.331378448959604e-05,0.039526259220292695,7.331378435255039e-05,7.33137848756692e-05,7.331378453686113e-05,7.33137848860285e-05,7.331378566896792e-05,7.331378433244045e-05,0.04959477759502169,0.07066442337753095,0.21869288210911642,7.331378455557152e-05
12163,17,0.00015527950638457086,0.00015527950625632096,0.0001552795065546359,0.1014305682633766,0.00015527950645345226,0.00015527950605348997,0.0001552795071481496,0.09635552595436708,0.07350233164591319,0.21594980898235788,0.00015527950594145722,0.22366018476804608,0.00015527950618264807,0.13552736113232428,0.05502159007936388,0.0001552795062880594,0.0001552795070736472,0.00015527950675136963,0.09668927509736266,0.0001552795058006362
12163,18,0.00010416666887090176,0.00010416666794937722,0.00010416666904837454,0.07506942745210804,0.00010416666918398088,0.00010416666817725469,0.00010416666929835546,0.17480345620950566,0.00010416666948315003,0.4509633197767381,0.00010416666833845004,0.00010416666957127336,0.000104166668192478,0.04445908305739741,0.22439043428966074,0.028855945851230053,0.00010416666901078293,0.00010416666903968953,0.00010416666878412958,0.00010416666841186002
12163,19,0.00012820513097257992,0.00012820513035743502,0.03367375495727386,0.08953321390887424,0.11622144942847792,0.00012820513056382236,0.00012820513137942022,0.07658665183022514,0.00012820513174059467,0.435064290552917,0.00012820513022916775,0.09140321537683078,0.00012820513083674538,0.15585075724331776,0.00012820512992482776,0.00012820513110115876,0.00012820513136970623,0.00012820513144798764,0.00012820513131601077,0.00012820513084380622
12163,20,4.3554007916212184e-05,4.355400773944102e-05,4.355400789066483e-05,0.4053828974858464,0.03033464414329541,4.355400776483505e-05,4.355400802871318e-05,0.09107949185082696,0.06035723837355574,0.11929874627492881,4.3554007842419676e-05,0.22216867545665814,4.3554008010268654e-05,4.355400803087509e-05,4.3554008223765226e-05,4.355400792277544e-05,0.07081210431164307,4.355400793160155e-05,4.355400804700303e-05,4.35540078966338e-05
12163,21,0.0001265822812036007,0.00012658228024624765,0.00012658228101140956,0.6131054136121082,0.0001265822815273809,0.00012658228030813624,0.0001265822815515935,0.00012658228184601617,0.00012658228194456034,0.07721843965946237,0.0001265822801537005,0.1800650244968521,0.00012658228107286727,0.00012658228121925004,0.0001265822832016906,0.0001265822811099586,0.12758580573203704,0.00012658228152243598,0.00012658228159052285,0.00012658228003099712
12163,22,6.527415307997533e-05,6.527415234135692e-05,6.527415241075359e-05,0.9987597910972877,6.527415270413082e-05,6.527415265221923e-05,6.527415254914073e-05,6.52741527730505e-05,6.527415281195309e-05,6.52741528458481e-05,6.527415257497671e-05,6.527415288245608e-05,6.527415332859397e-05,6.527415294272816e-05,6.527415220273455e-05,6.52741530649839e-05,6.527415274141543e-05,6.527415300308358e-05,6.527415320982639e-05,6.527415259285308e-05
12163,23,0.00016949152936729216,0.0001694915275741234,0.00016949152900973507,0.34868736367720415,0.00016949152946928362,0.00016949152869791273,0.00016949152981942005,0.08789752552557492,0.0260932084098136,0.21078699828341554,0.0001694915282736064,0.0643987656922319,0.00016949152944441536,0.18341248507418537,0.07652026345950443,0.00016949152961879857,0.00016949152931104489,0.00016949152888280866,0.00016949153010099158,0.00016949152850069752
12163,24,0.000157728709763296,0.00015772870917842507,0.00015772870927314772,0.3824681371068295,0.00015772870940604342,0.00015772870918402137,0.00015772870990507897,0.00015772870943831668,0.00015772870973190524,0.0955545521795874,0.00015772870859843133,0.00015772871018938917,0.03403191740545988,0.1474323361093475,0.1170018208078654,0.00015772870950443368,0.00015772871005712176,0.0001577287098711858,0.22130303445777322,0.0001577287090363846
12163,25,7.142857302413931e-05,7.142857216240695e-05,7.142857294107353e-05,0.8186863917216844,7.142857284019437e-05,7.142857287129295e-05,7.142857299490107e-05,7.142857287006666e-05,7.142857239173366e-05,7.142857322425082e-05,7.142857271037357e-05,7.142857285591381e-05,7.142857364977497e-05,7.142857314259876e-05,0.018157578763551483,7.142857302370732e-05,7.142857317029845e-05,7.142857335798074e-05,0.1619417437749805,7.142857255289092e-05
780,1,3.714710339966302e-05,3.714710320314767e-05,3.7147103316971544e-05,3.714710347856589e-05,3.714710347105814e-05,3.714710311919872e-05,3.7147103344849424e-05,3.714710344065764e-05,3.7147103385643134e-05,3.714710329779563e-05,3.7147103148786254e-05,0.10869365812874228,0.03813774180171572,3.714710334917136e-05,3.7147103455219775e-05,3.714710325398519e-05,0.42166126340115295,3.714710338974099e-05,0.36460415710738064,0.06634597301095384
780,2,3.756574096823033e-05,3.756574068046933e-05,3.756574087712961e-05,0.04804196642918072,3.756574098196462e-05,3.756574067353432e-05,3.7565740943076585e-05,3.756574104598281e-05,3.756574078959397e-05,3.7565740894242127e-05,3.7565740731617405e-05,3.756574095355765e-05,0.17589104278326445,3.7565740965073976e-05,0.03172056016314316,3.756574092316934e-05,0.5063809946969126,3.7565741000314335e-05,0.20935558185393022,0.02808393370114082
780,3,4.504504624761884e-05,4.504504576577329e-05,4.504504603733236e-05,0.16647737875908586,4.504504621173455e-05,4.5045046172689756e-05,4.50450461177495e-05,4.504504622535013e-05,4.504504618068633e-05,4.504504585236743e-05,4.504504591314998e-05,4.504504611190086e-05,4.5045046161703515e-05,0.10960614634872791,4.504504610587136e-05,4.504504621796184e-05,0.23275464247896988,4.504504609702967e-05,0.4291329748644729,0.06135318185732466
780,4,2.7085591132048773e-05,2.708559087693897e-05,2.7085591089681642e-05,0.05295331371348826,2.7085591103303924e-05,2.7085590911640063e-05,2.708559112151869e-05,2.7085591113822464e-05,2.708559100788002e-05,2.708559108663615e-05,2.7085591021239133e-05,0.09731536494788398,0.014992077816425045,0.1671812562255923,2.708559120907671e-05,2.7085591053913443e-05,0.33696136859940357,2.7085591033752192e-05,0.2650997903651155,0.06514471564832985
780,5,3.7509378170261093e-05,3.750937803611002e-05,3.750937818682179e-05,0.19786382103599462,3.7509378244103617e-05,3.750937808826112e-05,3.7509378208667404e-05,3.750937817631741e-05,3.750937808252802e-05,3.750937818031207e-05,3.750937801903834e-05,3.750937821054418e-05,0.024788322771312953,0.0278269183154851,0.03905097927302389,0.021349716974067966,0.18963859953622014,3.7509378271046366e-05,0.49899402017791744,3.750937810392691e-05
780,6,3.491620192545838e-05,3.491620189768749e-05,3.4916201971612946e-05,0.23023991929413637,3.491620199841892e-05,3.4916201651704506e-05,3.491620189406752e-05,0.007115678558294037,0.016228276746779128,3.491620203325394e-05,3.491620172368543e-05,0.08830489624636292,3.491620206243174e-05,3.491620202840323e-05,0.06806876235999623,3.4916201977236696e-05,0.028805469868705517,3.491620201848289e-05,0.5607830863004883,3.491620205501213e-05
780,7,3.7622273197744714e-05,3.762227295065111e-05,3.762227315205842e-05,0.15664253142526222,3.762227314479146e-05,3.7622273184566846e-05,3.762227316249039e-05,3.762227311606333e-05,3.7622273165733814e-05,0.03925791463995993,3.762227306557771e-05,3.762227318396644e-05,0.04036950709538025,0.18138770394165485,0.01898773979075901,3.762227331401093e-05,0.2529479476121216,3.762227334973821e-05,0.3099175659436001,3.762227327468839e-05
780,8,3.668378655685141e-05,3.6683786460618324e-05,3.6683786573650086e-05,0.07911466658174396,3.668378662076807e-05,3.668378656141782e-05,3.668378665087392e-05,3.668378655430837e-05,3.6683786585025915e-05,3.668378662366666e-05,3.6683786758138484e-05,3.668378667597654e-05,3.668378666136318e-05,3.668378666137455e-05,0.017195046273477246,3.668378670913535e-05,3.6683786623975634e-05,0.05309879950268572,0.8500045470563491,3.6683786466831514e-05
780,9,2.860411971194902e-05,2.8604119471639188e-05,2.860411971051949e-05,0.011731348137878234,2.8604119608746246e-05,2.8604119442657678e-05,2.8604119665157045e-05,2.8604120134887518e-05,2.8604119576779647e-05,2.860411966716443e-05,2.860411959880356e-05,2.8604119543660387e-05,0.04370828999842977,0.26013033261087815,2.860411950381554e-05,0.17806376564856508,0.17615954430202713,0.017117777975932183,0.3127170877710146,2.8604119638997933e-05
780,10,0.015263262029740947,4.524886948397517e-05,0.0033671765285302547,0.037133933043543586,4.524886984259339e-05,4.524886966017613e-05,4.524886960475329e-05,4.524886981379116e-05,4.524886977015465e-05,4.524886995656022e-05,4.5248869433487286e-05,4.524886974965467e-05,0.09833665271649865,0.07629072652026837,4.524887002161022e-05,0.024219980466166902,0.29457804598521536,4.524886988867114e-05,0.4220341948501223,0.02827829029268815
780,11,2.7307482801947125e-05,2.730748274067945e-05,2.7307482904447032e-05,2.7307482913078915e-05,2.7307482945984545e-05,2.7307482778785558e-05,2.7307482836400813e-05,0.03328598872774251,2.7307482840788363e-05,0.024040911395326485,2.7307482784554733e-05,0.1471971089668165,0.023055487215366138,2.7307482877856808e-05,2.73074829259224e-05,2.7307482939300205e-05,0.48381680541545236,2.73074829265232e-05,0.28822139351912424,2.7307482955398192e-05
1059,1,1.5748031846395217e-05,1.5748031787534728e-05,1.5748031868471226e-05,0.01779424659162103,0.01284828483597074,1.5748031780495047e-05,1.5748031861744843e-05,1.5748031863158612e-05,1.5748031835421786e-05,1.5748031875011198e-05,1.5748031860565925e-05,0.6069742063825165,0.03936337620826728,0.009661779161032297,0.006699538089941103,1.574803184130556e-05,0.08263770618216157,1.5748031890732567e-05,0.2238318861663347,1.574803184415796e-05
1059,2,1.1936023182245817e-05,1.1936023122904945e-05,1.1936023192279903e-05,0.1258888026369649,1.1936023213137434e-05,1.1936023179541291e-05,1.1936023216691641e-05,0.046945468296796924,1.1936023183984416e-05,1.1936023194766687e-05,1.1936023267579665e-05,0.027265286301737978,1.1936023213000985e-05,1.1936023218870595e-05,0.10529201078129416,1.1936023212282252e-05,1.1936023190326594e-05,0.13372367777238875,0.5607176498860662,1.1936023163452402e-05
1059,3,1.4338973632056396e-05,1.433897355747918e-05,1.4338973666842987e-05,1.4338973643108e-05,1.4338973670352643e-05,1.4338973587419045e-05,1.4338973655731255e-05,0.06321000445902981,1.4338973657572797e-05,1.433897368616045e-05,1.4338973578562166e-05,0.027421491527761337,0.02185311834575982,0.5450506045906777,1.4338973694619298e-05,1.4338973678635542e-05,0.024828763258747093,1.4338973648428211e-05,0.3174352721870647,1.4338973602708856e-05
1059,4,1.464986845080902e-05,1.464986835531132e-05,1.4649868454758766e-05,1.4649868451968736e-05,1.464986850424503e-05,1.464986838851887e-05,1.4649868483784038e-05,0.1389770435544135,1.4649868464612362e-05,1.4649868455633131e-05,1.4649868453365424e-05,0.6026729169684794,1.4649868399527233e-05,1.4649868435080424e-05,1.4649868297128757e-05,1.4649868457459936e-05,1.4649868470282009e-05,1.4649868477477735e-05,0.2581009917137223,1.464986838524171e-05
1059,5,1.60000003372209e-05,1.6000000277886556e-05,1.600000035516e-05,1.600000039401307e-05,1.600000034150776e-05,1.600000042136098e-05,1.6000000372091178e-05,0.027340614926637665,1.6000000360596104e-05,0.08099670008657282,1.600000034162509e-05,0.6359932284174077,1.6000000356966975e-05,0.13135468013029225,0.01746903877823773,1.600000037398251e-05,0.10662173765590907,1.6000000357775285e-05,1.6000000361165104e-05,1.600000029157633e-05
718,1,2.3969319908441643e-05,2.3969319655900196e-05,2.3969319804293653e-05,2.3969319916174827e-05,2.396931986145986e-05,2.3969319816759603e-05,2.396931985494388e-05,0.07394640201134228,2.3969319865434985e-05,2.3969319822154563e-05,2.3969319706719605e-05,0.055556996612329254,2.3969319911738953e-05,2.3969319882181646e-05,0.13934628557967715,2.3969319923014764e-05,0.6329047533279107,2.3969319882683872e-05,0.09788602267097762,2.3969319950880738e-05
718,2,3.779289594365756e-05,3.779289544745623e-05,3.779289578262306e-05,3.7792895855205116e-05,3.779289587138546e-05,3.77928958193326e-05,3.7792895850662865e-05,0.027008205596062387,3.779289588406393e-05,3.779289590941284e-05,3.779289576517779e-05,3.779289590562211e-05,0.08415860088595571,0.12728297677858852,0.11605514317999668,0.03285063577152099,0.6121153372462815,3.7792895809043555e-05,3.779289593022553e-05,3.7792895820245844e-05
718,3,2.9550828033971915e-05,2.9550827871687287e-05,2.955082809897215e-05,2.9550828139620244e-05,2.955082817521581e-05,2.9550827880958123e-05,2.9550828156942688e-05,2.955082815139517e-05,2.9550828159953175e-05,2.955082804988773e-05,2.9550827883754664e-05,0.0716919689891949,2.9550828213805083e-05,2.9550828170185895e-05,0.05518417931252692,2.9550828076509974e-05,0.8726214876207107,2.955082816228114e-05,2.9550828220179088e-05,2.9550828122216475e-05
718,4,2.6123302535139624e-05,2.612330247755898e-05,2.6123302606819394e-05,0.06033484947831371,2.6123302635623014e-05,2.612330258515614e-05,2.6123302620801723e-05,2.6123302701565772e-05,0.013884614183241504,2.6123302494205473e-05,2.6123302738835178e-05,0.1363634120680478,2.6123302613738135e-05,2.6123302595732542e-05,0.1218846422096942,2.6123302613118622e-05,0.6492569090759615,0.017615906690351894,0.0003200633606258612,2.6123302545363684e-05
718,5,4.545454650401093e-05,4.545454614171764e-05,4.545454650095239e-05,0.007756423595619846,4.5454546525573036e-05,4.545454629434743e-05,0.016220769125383193,4.545454651485776e-05,4.54545466090119e-05,4.5454546528300205e-05,4.545454635621737e-05,0.014932956640504464,0.049011264496068054,0.05941085332666933,0.04369591711031477,4.545454637138172e-05,0.8083809066017822,4.545454641404292e-05,4.545454646174732e-05,4.545454643589956e-05
718,6,7.267442045486717e-05,7.267441978532124e-05,7.267442039491437e-05,7.267442057267296e-05,0.043314990199327455,7.267441985372212e-05,0.08493585220618019,0.009915788278991037,7.267442039109146e-05,7.2674420555967e-05,7.26744200955884e-05,7.267442042900205e-05,7.267442068070973e-05,0.09928142438938427,7.267441986681726e-05,7.267442063295002e-05,0.6906516444871852,7.267442034701477e-05,0.0708828585548984,7.267441997264102e-05
718,7,1.7117425933576233e-05,1.7117425785225697e-05,1.7117425930270924e-05,1.7117425979227338e-05,1.71174259637821e-05,1.711742582214381e-05,0.016194050024144875,0.0319334455716642,1.7117425947133083e-05,1.7117425982651597e-05,1.7117425864401092e-05,0.06326134510066247,0.010015120357332296,0.0453890611076298,0.3282776655894696,1.7117425999765732e-05,0.5047067857120145,1.7117425951180122e-05,1.7117425945457388e-05,1.7117425977524998e-05
718,8,4.248088455197911e-05,4.248088440311781e-05,4.248088450172253e-05,4.248088461518455e-05,0.0827648208108044,4.248088434421941e-05,4.2480884650284024e-05,4.2480884673039794e-05,4.248088464217613e-05,4.248088458827875e-05,4.248088444870693e-05,0.10111453015890891,4.248088469036503e-05,0.0599770039665314,4.248088424545248e-05,4.24808847206029e-05,0.6191757186438184,4.248088462709134e-05,0.13633071315173106,4.2480884503667086e-05
718,9,2.0251114288530757e-05,2.0251114126469878e-05,2.0251114274767735e-05,0.02001606464596906,2.025111431468324e-05,2.0251114272682726e-05,2.025111430621417e-05,0.015778097521060328,2.0251114300483473e-05,2.0251114275352242e-05,2.025111418397959e-05,0.10340401301205482,2.025111430801841e-05,2.0251114309137313e-05,0.05691886306557965,2.0251114251488095e-05,0.7665757176395271,2.0251114297956563e-05,0.037023728515960426,2.0251114338798036e-05
718,10,2.1853147395240123e-05,2.1853147251021864e-05,2.1853147375099665e-05,0.06707554985427143,0.018164363018524272,2.1853147290362577e-05,2.1853147409820474e-05,2.185314742792948e-05,2.1853147336200422e-05,2.1853147343051465e-05,2.185314722646495e-05,0.03535094872841367,2.1853147365304857e-05,0.09918871178761422,0.22667842582463238,2.1853147413536163e-05,0.5323894799531725,2.1853147380093978e-05,0.02086842991787226,2.185314728514333e-05
718,11,2.7412281287829944e-05,2.7412281090158244e-05,2.741228129290686e-05,2.741228138391823e-05,2.741228136743048e-05,2.7412281324520358e-05,2.7412281397606162e-05,2.7412281408897806e-05,2.7412281272478403e-05,2.741228140346301e-05,2.7412281173054987e-05,2.7412281370804644e-05,0.0024984418451743807,0.19696990006946344,0.0809780562657747,0.11998175670349794,0.5186734583433755,0.03208372605819672,0.04845830105747447,2.7412281269713674e-05
718,12,2.906976801894787e-05,2.906976787888392e-05,2.906976807788114e-05,0.05574022736326362,2.9069768144597977e-05,2.9069768100659772e-05,2.9069768029703233e-05,2.906976811753926e-05,2.9069768027364907e-05,0.06509906453628385,2.906976800269004e-05,2.9069768104310925e-05,2.9069768174852825e-05,0.11151381369049004,0.03991295521835205,0.030640619532221955,0.5817106749103461,0.027258563881956785,0.08777524365034055,2.9069768067689313e-05
718,13,5.9808613510642775e-05,5.9808613264882975e-05,5.9808613837034907e-05,5.980861379306172e-05,5.98086137796609e-05,5.9808613851295445e-05,5.9808613624035014e-05,5.980861381230835e-05,5.9808613540440276e-05,0.06738005119238716,5.980861344882391e-05,5.9808613808887887e-05,5.980861369694248e-05,0.12142590460994884,0.40264841350988595,5.9808613866081496e-05,0.36985668581366443,0.037791815669144725,5.98086136500425e-05,5.980861348485786e-05
718,14,0.00010615711499613316,0.00010615711385719839,0.00010615711491514169,0.0401052036539003,0.1263554421171097,0.00010615711470789185,0.0001061571152286155,0.0001061571151817329,0.00010615711536597963,0.00010615711479639352,0.00010615711408987209,0.07924756886107513,0.00010615711442633682,0.00010615711479341431,0.00010615711493437017,0.00010615711558335031,0.3674520996105812,0.11357458280985581,0.2717789033394972,0.00010615711510420969
6424,1,2.8392959236767927e-05,2.8392959001636903e-05,2.839295921196602e-05,2.839295919663016e-05,0.6214002405836874,2.8392959296859568e-05,0.243047903548651,0.02328075120968547,2.8392959275371013e-05,0.027875641918441607,2.8392958992969595e-05,2.839295924448356e-05,2.8392959009752556e-05,2.839295921549707e-05,2.839295924475494e-05,2.8392959227105476e-05,2.8392959189566457e-05,2.8392959152393636e-05,0.08396956835172635,2.8392959312621953e-05
6424,2,1.727115753438979e-05,1.727115745644186e-05,1.727115753552495e-05,1.7271157604516434e-05,0.6741605522041053,1.7271157592908542e-05,1.7271157569744183e-05,0.0489712393649735,1.7271157601811343e-05,1.727115755644433e-05,1.7271157456999822e-05,0.08288413169977192,1.7271157584499843e-05,1.72711575879426e-05,0.029204135570277682,1.7271157537953915e-05,0.06620398898598853,0.05051640357308632,0.047835023553731815,1.7271157445852177e-05
6424,3,1.6920474171113887e-05,1.6920473976681482e-05,1.692047411772227e-05,1.6920474070186306e-05,0.5413247621036068,1.692047401322573e-05,1.692047411813203e-05,1.6920474184337616e-05,1.692047413819744e-05,1.6920474051715736e-05,1.6920474077653657e-05,0.4583706693626261,1.692047417144295e-05,1.692047409706814e-05,1.6920474050131886e-05,1.6920474078648602e-05,1.6920474106413085e-05,1.692047410779244e-05,1.6920474120983034e-05,1.692047411590485e-05
6424,4,3.33555708987956e-05,3.335557071341301e-05,0.9993662441531436,3.3355570822046194e-05,3.3355571046293424e-05,3.3355570767575816e-05,3.3355570935719154e-05,3.335557102421362e-05,3.335557087533956e-05,3.335557088378938e-05,3.3355570744418315e-05,3.335557101355577e-05,3.335557084534823e-05,3.3355570944023364e-05,3.3355570968386085e-05,3.335557084737549e-05,3.3355570976324836e-05,3.335557084932702e-05,3.335557093595688e-05,3.3355570764495456e-05
6424,5,1.8484288655498407e-05,1.8484288633947297e-05,1.848428875526747e-05,1.8484288676149734e-05,0.9996487985143394,1.8484288629319258e-05,1.8484288760576568e-05,1.8484288797557772e-05,1.8484288729232825e-05,1.8484288773850536e-05,1.848428865788116e-05,1.8484288761205293e-05,1.8484288676007673e-05,1.8484288733613497e-05,1.8484288858077768e-05,1.848428871436878e-05,1.8484288798440855e-05,1.848428868804148e-05,1.8484288691709547e-05,1.8484288669915467e-05
6424,6,1.763668458568068e-05,1.763668454094299e-05,1.7636684667740673e-05,1.7636684529603118e-05,1.763668481524189e-05,1.763668450226151e-05,1.7636684660413503e-05,0.9021407023074667,1.7636684618527378e-05,1.7636684578189717e-05,1.7636684519805458e-05,1.7636684684976005e-05,1.7636684493290253e-05,1.7636684626788592e-05,0.09754183736976357,1.7636684578603334e-05,1.7636684629976827e-05,1.7636684563440177e-05,1.7636684600399162e-05,1.763668457392725e-05
6424,7,2.0500205367397096e-05,2.0500205243136326e-05,2.0500205405088755e-05,2.050020533672988e-05,0.22121315891567508,2.0500205298494784e-05,2.0500205457932108e-05,2.0500205482931255e-05,0.7784178373877496,2.0500205352439135e-05,2.050020530250848e-05,2.050020547835151e-05,2.0500205276094107e-05,2.0500205377966702e-05,2.050020542471528e-05,2.0500205329713356e-05,2.0500205403179048e-05,2.050020534526726e-05,2.0500205405356024e-05,2.0500205287888377e-05
6424,8,7.51879710678207e-05,7.518797059931832e-05,0.8200198450405707,7.518797090465364e-05,7.518797154042123e-05,7.51879710553233e-05,7.518797149838762e-05,7.518797161706307e-05,7.518797132876098e-05,7.518797132250509e-05,7.518797188723914e-05,7.518797125176227e-05,7.518797082843316e-05,7.518797142237395e-05,0.17862677147796252,7.518797077608784e-05,7.51879715043083e-05,7.518797094788601e-05,7.518797082793459e-05,7.518797108663103e-05
6424,9,1.130454467072962e-05,1.1304544603950316e-05,1.1304544674611837e-05,1.1304544666891752e-05,0.0027229478411305913,1.1304544738348275e-05,1.130454468995552e-05,0.7379197398191152,1.130454469573213e-05,1.1304544685420413e-05,1.1304544643407714e-05,0.15378407432730004,1.1304544652973286e-05,1.1304544702777624e-05,1.1304544733873586e-05,1.1304544691029772e-05,0.10539236529756146,1.1304544721660425e-05,1.130454470541399e-05,1.1304544616289883e-05
6424,10,2.237136506217846e-05,2.2371364930067484e-05,2.237136509812725e-05,2.237136503352511e-05,2.2371365146720016e-05,2.2371364878175488e-05,2.2371365158707847e-05,0.9995749440638864,2.237136510195875e-05,2.2371365098732727e-05,2.2371364917112115e-05,2.2371365158457515e-05,2.2371364976294294e-05,2.2371365114943833e-05,2.2371365022464593e-05,2.2371365051115e-05,2.237136511943906e-05,2.237136500938577e-05,2.2371365048129837e-05,2.2371365188154744e-05
6424,11,1.541782325743269e-05,1.541782316127601e-05,1.541782330454271e-05,1.5417823252532373e-05,1.541782333325608e-05,1.5417823220431556e-05,0.9997070613573092,1.5417823865964523e-05,1.541782329704333e-05,1.541782326176285e-05,1.5417823209084946e-05,1.5417823326677676e-05,1.5417823233769062e-05,1.541782329533978e-05,1.541782337190974e-05,1.5417823243361368e-05,1.5417823314302376e-05,1.541782323752374e-05,1.541782325740153e-05,1.541782324712255e-05
