book_id,chap_id,0,1,2,3,4,5
35,1,0.11447845995921824,0.019887452412072563,0.07627852173350293,-0.00417907322461252,-0.007516297647846708,0.08383492935483569
35,2,0.20937607786838136,0.0028635126401142658,0.019854801637269236,-0.12178775172579442,-0.1038102756856181,0.0305102688443677
35,3,0.256711379886324,0.13051625450374635,-0.011567748584296347,-0.0462129950076116,-0.10407112468865232,-0.014529268277046975
35,4,0.27756970813685256,-0.027476878449927827,0.1098230967078828,-0.23407209365460074,-0.09831780330817232,-0.01734387223440712
35,5,0.2671894267724078,-0.03618034498340283,0.06228460887308056,-0.17983715270431122,-0.06034246037850553,0.017958645833798713
35,6,0.1611722973759019,-0.03265407752366868,0.059471368359325344,-0.07434513586811167,0.10386544551067757,0.08064702163012055
35,7,0.3089950151182093,-0.021252285903059942,0.09509103171012745,-0.17711424709032553,-0.03405440735194783,-0.005617631053672731
35,8,0.3148402810724887,-0.07831716331552933,0.035605335552996366,-0.031668144119990194,0.23873423235524097,-0.177554635742127
35,9,0.25390717848052047,-0.05211796028184845,0.060257305327482025,-0.15652171344569943,0.022649760080687326,-0.0911488534842435
35,10,0.26602171838766686,-0.04965962691875787,0.09085239720414814,-0.09569745800620764,0.13900679158496276,-0.06270783038349487
35,11,0.2094881613570432,-0.03979052968643681,0.04226015148320811,-0.13414119441888353,0.0064569019960574415,-0.029879003248821045
35,12,0.20149015911668727,-0.032607085420732644,-0.01035343364894664,-0.23188603275672492,0.01663382922301344,-0.09228020672295537
35,13,0.1691048364812241,-0.020043939126210115,0.041762794618997984,-0.13422535958031248,-0.014074171755110238,0.03155308892766393
35,14,0.15847450488903359,-0.03207005594209391,0.18600396414038467,-0.23219663994082335,-0.10092133723372829,-0.02667851250784877
35,15,0.229002224988546,0.0028049524518792453,-0.039082110513563764,-0.010727634253861622,-0.06927547149158025,-0.07756977349497626
35,16,0.29918199619026287,0.008387999598654702,-0.041940661256697535,-0.07433099978491742,-0.17054676522060572,0.001827528159045919
35,17,0.11437593847644385,0.008925144995837249,0.04153374212166176,-0.08909521712253336,-0.07074319371093617,0.01957737493892734
36,1,0.1475789495050046,-0.02372236793576395,0.18130235947186368,-0.09265166715436221,-0.007992963753555904,0.055326661094000085
36,2,0.1322488212048745,0.012483490884390741,0.038203125902105714,-0.1997639132248464,-0.0906043441640916,0.030021831373748635
36,3,0.18158989479825224,0.006209407222823274,-0.008932173640211042,-0.16135476634137744,-0.05040077336070891,0.07745400630174111
36,4,0.2393045582816118,0.0008297758878526365,0.036974336839285964,-0.260935713170084,-0.12884846038456665,0.011350018700743673
36,5,0.23011858935394267,-0.009989588333264923,0.06187181977074169,-0.2861895404089637,-0.10960482686012385,-0.007170106605821884
36,6,0.1656554601013683,0.015073041311338325,-0.00039959841737009175,-0.14424525937148688,-0.05300101425588345,0.0771220358581631
36,7,0.25706807052925623,-0.032297704899229986,0.05183855570785936,-0.03611201957918389,0.0582101424820797,-0.0322469616950105
36,8,0.20220242726682433,0.006012286208595299,0.03221463046171476,-0.11005797150861701,-0.011082166903590015,0.0642572523042391
36,9,0.2396372185671769,0.006832329767973115,-0.05226481076364782,-0.18871500352049358,-0.009225086287494775,-0.019708243008838004
36,10,0.24861490391915173,-0.021870987805407,-0.017706225558335613,-0.28452993241982366,-0.07200214123786336,-0.04639147782925709
36,11,0.256079119260643,-0.015218889126424745,-0.01591624229211948,-0.23777411715883398,-0.10168234929854257,-0.004807403224286911
36,12,0.20327057372853763,0.0026354078534910064,-0.02173707498127637,-0.2770299497877462,-0.0659416671393633,-0.06276889162479694
36,13,0.18012790167670797,-0.03271619907115863,0.03265631915045487,-0.17615968193508605,-0.04226502757905293,-0.012771780523958963
36,14,0.2822052082209183,-0.013013091173321924,-0.042026102660953295,-0.14142894806992548,-0.07875372870898792,-0.011669226744360581
36,15,0.13998718162589027,0.008791403742013815,0.022906083829737276,-0.21861185485260554,-0.05891189048914308,0.00510203595487085
36,16,0.3360136252584633,-0.02116651509594496,-0.06301531921814923,-0.16200632072864157,0.003858788635200003,-0.12093158127551358
36,17,0.1484146936799556,-0.049160856433235624,-0.007383776628788834,-0.09656824883619326,0.06647688301056308,-0.29270311343557126
36,18,0.2708198841724928,-0.05485448777036336,-0.029300938562384724,-0.28736208326999874,-0.08874181654946921,-0.022952672975946727
36,19,0.1510575711284556,-0.05758090021678448,0.1676815361725882,-0.15631582835504293,-0.022985705901325225,0.08870794352913652
36,20,0.22713191816538744,-0.019412087775071363,0.06660478732418006,-0.20460785934804968,-0.09882371296316546,0.022810192073427486
36,21,0.24230908026249912,-0.03281624191464741,-0.0023429185178536847,-0.19415022007195548,-0.20334162843337134,-0.014589290222351564
36,22,0.16737319211937698,-0.00552298401394688,0.005781034435426911,-0.23179318796335996,-0.13805394378884717,0.00043714262242945234
36,23,0.11231233384018799,-0.010993621572264054,-0.002627651826765197,-0.22536439302997566,-0.036677581108926945,0.022406048607911386
36,24,0.3442196413349951,-0.006289583423292427,-0.020860098189286254,-0.14016197283355958,0.02748820629021011,-0.05519071432474179
36,25,0.271900582961386,-0.018123111029847476,0.01960762451121614,-0.2600803437808157,-0.05505988873723192,-0.04325046010894058
36,26,0.29334502970576043,-0.033595169684505474,-0.042763411589510456,-0.13105542612285312,-0.012664353193151633,-0.04051106983710797
36,27,0.1573432622304148,-0.02810388137043423,0.1188129606700882,-0.08203888363970885,0.0473798978992323,0.07107570118590567
103,1,0.09226776933414378,0.0016945639976591008,-0.18988326280341436,0.1927522424243349,-0.10815758568571807,0.17058744653954055
103,2,0.11429087109748623,0.01709958002178872,-0.2440289508629938,0.1630368606165682,-0.15266782085750905,0.15334390535448153
103,3,0.019887108170166454,0.043862504576534976,-0.29483959712424956,0.2752472311056294,-0.16578505807532795,0.1981685540921616
103,4,0.11206628537547571,0.04755537959561615,-0.3419729533912085,0.3208039317564349,-0.2526170384253632,0.15527773003039927
103,5,0.028786203129071132,0.037910613077061533,-0.06414335045972382,0.12827397834677334,-0.01451248635831438,0.1287031367965576
103,6,0.08884222273025745,0.000567422147717947,-0.22768013111239552,0.2516980503535757,0.007306112769534498,-0.0532020443816103
103,7,0.04221887793237754,0.012819735685174145,-0.25327398196877127,0.24241199531121366,-0.1935519873402467,0.1244999479006469
103,8,0.033170381964251774,0.036235321005378546,-0.1269905248790464,0.1431537538984241,-0.08545312136214778,0.090745635726906
103,9,-0.022521802341114613,-0.008826398525147383,-0.18041324220228946,0.19526876308844152,-0.053139962146260204,-0.02181989537874528
103,10,0.04680828799570952,0.032442677931915534,-0.1705121454806162,0.13734300210665515,-0.12076508593281451,0.10686633254144239
103,11,-0.02437563904321335,0.04443505684620101,-0.27704100057134545,0.2919797811228225,-0.2175440871127058,0.16451577645712737
103,12,0.04741576752366321,0.02000769138194671,-0.1907960473308245,0.2229884357573919,-0.03261693489327783,-0.009547888984395826
103,13,0.07162866414781507,-0.010883097741122859,-0.18166976269857532,0.11107153720709427,-0.03648622323842338,-0.024251221802054454
103,14,0.10763693990569777,0.0046584476192656835,-0.18448143361521765,0.33214450944328083,0.23447254232336825,-0.19019090639024386
103,15,0.06789327708857593,0.03762587499195616,-0.3129847077516623,0.30945346099285953,-0.2354136924920171,0.2066854487298123
103,16,0.07391734881657253,-0.025700996918699533,-0.2089996384350455,0.339289940973625,0.14479492950972542,-0.09592194679340521
103,17,-0.030877168346144512,-0.012614447490456366,-0.21032694778693786,0.20195525502298847,-0.11453342637187663,0.10616969924030638
103,18,0.012364605141008709,-0.03846145257332863,-0.30839213701824175,0.37739582068825533,-0.08143746269844027,-0.0865293781272711
103,19,0.05393598108826036,0.025348836292729063,-0.27384701811541295,0.21006496429373825,-0.15999862724769348,0.12979815924007762
103,20,0.010765801135960188,-0.0238429352731486,-0.3861999825225421,0.40009842439261467,-0.2185706139912188,0.024831366017728528
103,21,-0.04952003571618482,-0.02701074580281168,-0.26269939062961284,0.2771846860460969,-0.1259467008205945,-0.1167463320945644
103,22,0.0787292844103982,0.0106466242268921,-0.2581157899744977,0.12354643565923802,-0.16366306905106343,0.10195506121308184
103,23,0.07311791975000856,0.0023576226241893497,-0.18980817037675002,0.12615964572380045,-0.12696865788681805,0.1313020329500179
103,24,0.04969439225635583,0.008232874097408832,-0.2709738952855886,0.3751389847383161,-0.1198917407626449,0.1208920739047543
103,25,0.11053793788812466,0.03254476167388017,-0.3657013405224188,0.2687191620418955,-0.30814933284616264,0.2083147475258089
103,26,-0.10288092482692043,0.043409037298669094,-0.09318189896194855,0.027680486616345524,-0.013445681335358778,0.1309836151493145
103,27,-0.012550309820280794,0.0617693393536653,-0.09039377935082568,0.0037834108973290505,-0.015264218974139526,0.07921847379991437
103,28,-0.045245471364154785,-0.0006619578240932324,-0.3193384585717782,0.21213281365755565,-0.03375968407714022,0.1071943025722877
103,29,0.03041959570467313,0.00865427711914028,-0.36943743474580415,0.2457387263344123,-0.2168882177452519,0.16849723523071922
103,30,-0.02878203868551477,-0.05855240232970742,-0.22980187455539966,0.21737144110345957,-0.0978333476242984,-0.0815068672876906
103,31,-0.050543248260414855,0.04348409126644567,-0.31580279448048776,0.19514161066299113,-0.17472348355758868,0.13063575455962298
103,32,-0.15881935515812715,-0.06446854858182981,-0.19079840285567154,0.2996093796489609,-0.29705468292899195,-0.09031247610900106
103,33,-0.21768983411866025,-0.11285025295270817,-0.26047877430259125,0.3145721082956935,-0.27182738921235283,-0.14394170519781868
103,34,0.10920407286155097,0.006748864798714907,-0.3276933870154834,0.23943188898982976,-0.17563540413164097,0.12384356452439485
103,35,0.09643446406138469,0.018322928904012506,-0.40700469334823125,0.3883106991143441,-0.2430720029201097,0.14597099461726903
103,36,0.010862277732209222,0.024670294251154946,-0.20204666569791052,0.15687215118789194,-0.1707686176628387,0.18337705676931
103,37,0.045691033479994925,0.06503309250529929,-0.2986825011567871,0.35571661239446073,-0.20384553264412356,0.1942690116340616
159,1,-0.07696667312662486,0.05801680981875153,0.004379356065245233,-0.009680321514467427,-0.06064000641489059,-0.034280711176966114
159,2,0.11507389287767897,-0.06114072848239349,-0.004668898285738979,-0.05278744683614859,-0.03764408798957856,-0.16216030862319253
159,3,0.06531741482937528,-0.069466549035031,-0.024392070221069446,-0.02656665116253196,-0.11559322677694414,-0.15788879211949627
159,4,0.04809386463660039,-0.09631515407573878,0.052302882213726094,-0.05959797035147165,-0.20414606846842676,-0.2585839049679035
159,5,0.21016460460991027,-0.03879423957874282,0.0385068490669972,-0.09173507455318719,-0.05964546278786011,-0.055111435402178104
159,6,0.009630907803170847,-0.119821552745728,0.032901654910552025,-0.046467084100189335,-0.1901006862375761,-0.33302194674935054
159,7,0.15678699254933984,-0.05450462967790258,-0.0525629802022838,-0.16334709825272792,-0.10871845417256663,-0.08005195271589614
159,8,0.2512173859965559,0.012509326760144747,-0.05676376694517953,-0.06970106275132235,-0.16968314988065542,-0.0033781579403639236
159,9,0.16140989398044725,-0.03116928454329739,-0.004723182274176524,-0.0945044228991278,-0.14770255968386964,-0.02136540946593925
159,10,0.22090148181860647,-0.035922639950654776,0.055699058660845076,-0.3688018459924892,-0.1175844002069457,-0.03969702193446134
159,11,0.26668301156780866,-0.05074472712642775,-0.06051622962573556,-0.17225537609927943,-0.19158506097059685,-0.0344046949259972
159,12,0.1990315039356732,-0.05471378599029098,-0.036174314511249424,-0.2605559235447828,-0.11372831454022099,-0.0521458347616048
159,13,0.24403743866522468,-0.04479358362984752,0.038095047230280864,-0.26303120250856743,-0.15758055656386444,-0.02190269810228148
159,14,0.15393000908483173,-0.04298433706851076,-0.004855780600212141,-0.20990675423922647,-0.08908976293377074,-0.03938940061318156
159,15,0.18940318949834598,0.016762774477467195,0.04375589434073335,-0.08320133092170164,0.049543582643540376,0.001928765174796085
159,16,0.13800315506124317,-0.05207665639380235,0.007305532727509336,-0.08687330513613802,0.05750967055246902,-0.026641139372682688
159,17,0.255443730802702,-0.05585451384092027,-0.011138868153428386,-0.3057318548788025,-0.0481460001244431,-0.06670287219810987
159,18,0.22356110772349275,-0.033480635484664165,-0.04768359484737264,-0.15357663347923342,-0.09771019958910342,-0.06254780819883518
159,19,0.17981888081403746,-0.011648517170746813,0.019535389609937573,-0.20830881969987927,-0.13011522390247374,-0.030630979766033434
159,20,0.26859970309948694,-0.0432926225815932,0.02135856196308992,-0.2598064955507069,-0.11143684820860078,-0.06487237681616023
159,21,0.14162539189286227,-0.0635548859936482,0.0059632482325563865,-0.24607103961181553,-0.11478122055261461,-0.050641205849471606
159,22,0.09095248881981546,-0.04562793268338006,-0.023248404431220292,-0.22867824745855533,-0.03455379807239253,-0.11976847318385352
159,23,0.15087578277541386,-0.03373623441383241,0.0469760454178629,-0.15453398976296162,-0.0022072514885768256,-0.03770291429050749
164,1,-0.09020359632388149,-0.09157314173852663,0.07959005097085291,0.08517598136750895,0.013603385126857654,-0.12179473536472255
164,2,-0.06697178006391603,-0.06436066503543754,0.1101018060662629,0.02340200923489166,-0.0024481761297376883,0.10107027012501119
164,3,-0.14974884893828616,-0.04617717581817951,-0.022092762879043777,0.13446113830922982,-0.03674775366544819,0.05013135200286534
164,4,-0.1549139022297964,-0.07107933745152922,0.09422843715813375,0.1282312873703124,-0.1443863790315615,-0.048630890443687354
164,5,-0.16631495844308253,-0.11435353588980651,0.02823727470640907,0.12965555222479505,-0.09537994503274794,-0.1952109879950838
164,6,-0.199155346198101,-0.12135664500000193,-0.0013716366427889495,-0.0039053039065123393,-0.1794012725567363,-0.1715602747415107
164,7,-0.053270778545251515,-0.08715664855064476,0.06205628503852231,-0.04319642824770275,-0.1111653511436975,-0.029588090737670172
164,8,-0.0036851373623136906,-0.0796260284829691,0.008909982173043916,-0.011028220041534597,-0.14252525028691929,-0.021284156345842596
164,9,-0.08128081411516155,-0.04074464983363875,-0.005189254573296803,0.05628435766094001,-0.2083198269030627,0.02501282885066701
164,10,-0.16303074293188902,-0.19034487214891502,0.1459120143927485,0.18351380071013157,-0.22109115140571037,-0.1519624395837181
164,11,-0.22073205957714617,-0.142255033884367,0.10477610979307325,0.09903800645104886,-0.2523191410472053,-0.16260534065756319
164,12,-0.26707401793294216,-0.1329322195188752,0.14266899753977108,0.08927224358808362,-0.18828688065328172,-0.09946215757048925
164,13,-0.22802158876575698,-0.10193452532885042,0.11902238405997762,-0.0017442323533154369,-0.1997433865908847,-0.18406201509429201
164,14,-0.2604685620990703,-0.13674595822402758,0.14508419769241312,0.09016660478974033,-0.188423887301419,-0.14169987476955503
164,15,-0.15103623829402477,-0.11490975752723429,0.14907033720268437,-0.0643153690610561,-0.2047411378623134,-0.0921465226725046
164,16,-0.17415372882235802,-0.1413912869934787,0.12000239192628498,-0.07357394599152195,-0.2175442656926648,-0.17665859700675163
164,17,-0.15256183609818272,-0.13375609897659235,0.11803059163753864,0.06725667763637717,-0.17938645351606688,-0.2356413961110169
164,18,-0.3042371600508097,-0.16922668467971436,0.0548401551957278,-0.011380789012923321,-0.11252290300259346,-0.20683276704633768
164,19,-0.2985957133448544,-0.17330363030729362,0.03331153252013255,0.033961970794341545,-0.12300474044477679,-0.33440320978803656
164,20,-0.19126782168072962,-0.05992214386880549,-0.09303564331372959,-0.14062391145943737,-0.016974994193254624,-0.05703483820839031
164,21,-0.275435020171433,-0.19434924941165016,0.09217338179726692,0.09009401089588516,-0.24287590690827132,-0.3499646529507246
164,22,-0.21331974514428936,-0.14693045211132988,0.10334438995409846,0.07247427421565056,-0.16557913004012992,-0.25299318819325006
164,23,-0.19588988567983606,-0.048830240627169036,0.11081548210637303,0.010638961817584688,-0.28301569675604477,-0.29372627709497534
164,24,-0.2118842142723807,-0.12136097799269009,0.11461866773848271,-0.03570891211626864,-0.14190196542315994,-0.18305005440707617
164,25,-0.21481953473468937,-0.14501271676225105,0.06563144994190702,0.09451421312381085,-0.14865473084028755,-0.2525422155674796
164,26,-0.2846685842298848,-0.18319746207395457,0.11795468938553275,-0.05400333110080827,-0.2765055606164933,-0.34223447376541205
164,27,-0.273381235000207,-0.1597973425431443,0.04070271928467776,0.053148430261875976,-0.18049250678857343,-0.27022539552399144
164,28,-0.19697979612512895,-0.14633758276467826,0.058414418487060554,-0.054729180891246655,-0.29004852070186715,-0.3128021534694841
164,29,-0.3469041221410901,-0.2057314212375036,0.09504659895828058,0.06918052920816972,-0.24199210796540407,-0.3556151615096314
164,30,-0.22110746595687591,-0.07215644083222741,0.11492501234045352,0.031138795086745195,-0.11618313906383039,-0.08033678543300572
164,31,-0.17592397447307678,-0.1486037696344244,0.04058113456158741,0.12185232879320078,-0.24698025850613411,-0.24047968031989397
164,32,-0.20448267373287338,-0.12497240704658881,0.1589851792717322,-0.08864683189832837,-0.16312368923651993,-0.15531045554424505
164,33,-0.22398612910488885,-0.08443167587028497,0.07568651130681302,-0.08644666440755454,-0.11327464900932341,-0.0640624703625794
164,34,-0.3028215436642601,-0.11457595282518482,0.16824845247292045,0.05460677265409214,-0.22962693313093524,-0.2531040824251078
164,35,-0.22889384638322716,-0.15273805756064274,0.10661665848244235,0.07024738293906217,-0.23438978154092663,-0.25971153525090496
164,36,-0.30229827682048704,-0.13778864712417582,0.19337939943544996,0.0894356485849499,-0.24418066486305334,-0.2587439882320664
164,37,-0.27560182717230836,-0.1545086897708834,0.1311647729273396,-0.02893507816846811,-0.2172157203990053,-0.28438980096393585
164,38,-0.1437506740934388,-0.12120970386691568,0.08337597612061583,0.05804371158061326,-0.19483540676815203,-0.21582842352453965
164,39,-0.2162381118920993,-0.1227830486011111,0.1351893420171246,0.03307568788300456,-0.24192483002880819,-0.17749150614654163
164,40,-0.16992960860184853,-0.09296110919679546,0.08061587690386432,-0.03410551881164773,-0.14573708504822455,-0.17756507001123814
164,41,-0.23763372042566705,-0.15427165185745678,0.04699411555249536,0.00999017663806975,-0.24690264202613801,-0.22985510091840392
164,42,-0.2783476612371859,-0.13450831427241414,0.0473657485602541,0.07116675001691808,-0.1910342517599728,-0.2752921565957973
164,43,-0.27168396353028307,-0.1459462586853915,0.09201057930615072,0.048788345658204835,-0.20443940593618548,-0.2562779787323563
164,44,-0.17930448517471312,-0.17646847079241912,0.06465665258129397,0.10991463869006214,-0.15516294444268733,-0.4209280770682564
164,45,-0.16147402503368424,-0.15752055093221523,0.07298425127278609,0.006918599273815233,-0.2670650676115734,-0.2799242625139557
164,46,-0.18615753510394947,-0.11394316860332408,0.0716348568489564,0.08005200859336284,-0.18032784332259275,-0.17427740131235828
718,1,0.35962610497788067,-0.07710818117698008,-0.139602481743533,0.18170349374102965,0.3819020948850998,-0.2639993087512458
718,2,0.3667042303210249,-0.06664450212371768,-0.10480581329449436,0.09631859431227464,0.23953864028192015,-0.2199779698776647
718,3,0.3998208683070327,-0.04516859443925665,-0.13403964111443367,0.16708011276154627,0.2686756201705754,-0.18272277303394696
718,4,0.38277067162512524,-0.05506785945722104,-0.11827737672327321,0.1714324621930982,0.3398369467468363,-0.22624631077517465
718,5,0.38137369330561166,-0.034555907692684365,-0.07544214287848126,0.10946604195495745,0.20287791804109237,-0.17691623899944442
718,6,0.2637035807693937,-0.026759359095952718,-0.035251287079365666,0.03323655669874217,0.09181722253810239,-0.017203330493253215
718,7,0.390708052639172,-0.0638761816545565,-0.13714333558026723,0.27749574574495733,0.4418631546160148,-0.3378698363501199
718,8,0.29237318224436126,-0.018285019062696403,-0.03510309970057025,-0.010716368323260086,0.09338553447384576,-0.001953525375015027
718,9,0.41505867337975827,-0.04538714109185939,-0.10350682480147891,0.1104095864382026,0.31445785048412483,-0.2090890179229361
718,10,0.3567707164013396,-0.008527660044082265,-0.10582421171607898,0.21254961980856651,0.4130901306174061,-0.35809083411419174
718,11,0.25702015983842946,-0.09395895068215857,-0.02597322493542744,0.035879251494413233,0.16406549879856683,-0.34700566852355375
718,12,0.3790777544403182,0.06617902014145896,-0.06331495494314582,-0.00686006874313313,0.16183830133202762,-0.21718029153254692
718,13,0.32837302155654113,-0.046328744125875544,-0.11192431303668393,0.2550838494055544,0.37696730354818947,-0.32642776923120737
718,14,0.23850224196416553,-0.0004982404847779093,-0.013220078275132871,-0.031497819064200294,0.05165987745682113,-0.05503879782157588
780,1,0.2825969780832118,0.03197627941047444,-0.160790401951184,0.11109791991325776,-0.0161094562552315,0.005030715880170708
780,2,0.3571425959984283,0.08246146104288726,-0.14840619256246101,0.012175560892666611,0.060099801101190245,-0.11102625017390928
780,3,0.1507162636626843,0.237635304566933,-0.023324419468872433,-0.07065585289379304,-0.03864812855727693,-0.055224133936929064
780,4,0.3013701600729774,0.05023650109173758,-0.07708897088052492,0.0296527230995801,0.016905474305904958,-0.07360065161547844
780,5,0.18602766537238274,-0.030497620141443787,0.019632101868753447,-0.08877679467062577,0.02608160219414352,-0.19976764869025673
780,6,0.21210182184969065,-0.01059647449656475,0.01977433788671977,-0.066011798295154,0.16005588127860865,-0.12165439727801457
780,7,0.30074450297107136,0.011574386640012445,0.0006674486899037276,-0.10856970360669137,0.04489387163798882,-0.13642955777556567
780,8,0.14342878869741718,-0.01537281869131253,0.034692173716362414,-0.20112221739933114,0.05635420481425924,-0.1132180888694308
780,9,0.2751583159603903,-0.06180606580420711,-0.0042359680679109534,-0.27197742816734094,-0.010317912666049754,-0.07680646382202541
780,10,0.2641384289679762,0.04406591712872502,-0.07928219582787238,-0.1505546902611152,-0.0064541706820625665,-0.09010481291040057
780,11,0.3606480323913687,-0.00766905946255895,-0.04098860390847898,-0.01305120092413709,0.13599116851422782,-0.07085906871020996
1013,1,0.20609399523447067,-0.04501595511069424,0.019707456721141367,0.01620121938804558,0.03138865802849547,0.053025746792338256
1013,2,0.13691126154982636,-0.008754758322090037,0.04282130366653732,-0.07527065739260441,-0.028420712331586852,0.08563577391186776
1013,3,0.2790410455506318,-0.003383240123058493,0.12556688906644492,0.001419863337100779,0.07621340628244935,0.00921233398881945
1013,4,0.21532868984634276,-0.022469873529235733,0.08095037773899143,-0.08415668627580558,-0.07848094585280417,0.01996954014822378
1013,5,0.17086867618389018,-0.03677561702137154,0.33743269113382207,0.02155096650386029,0.06467898442889888,0.12708544868050953
1013,6,0.1797752377215333,-0.02129289196348197,0.22935804080190642,-0.07431940398463656,-0.0373584730457219,0.08303171564708914
1013,7,0.17221275230326127,-0.0057753390733803756,0.20459918153200155,-0.17675558508840536,-0.0798540253345512,0.04788750477168123
1013,8,0.1263748215964306,-0.02698828364577071,0.19101670071211832,-0.15775436618607033,-0.03602860833004754,0.06715709479186195
1013,9,0.1662473845773789,-0.04221234645450673,0.21674303531413125,-0.15862389808679636,-0.07010126002735638,0.05975585441108961
1013,10,0.1979352192015958,-0.009646686972345886,0.13092699879803676,-0.1261317540207621,-0.0776526996328487,0.014030985025824925
1013,11,0.2002170864178871,-0.040753687950086215,0.20528600039161596,-0.1633495009709136,-0.02651433202557264,0.060188987804805194
1013,12,0.2408272525647479,-0.05076429394342394,0.054219388034627135,-0.20720633160724752,-0.12303776280488235,0.015242378770776718
1013,13,0.20418585831354508,-0.031032626304614237,0.21051397604017894,0.04288362515090625,0.09686185910209932,0.1400970237254603
1013,14,0.2518799756835088,-0.022137228422944216,0.09301769423482818,-0.1969682516804715,-0.0874580587232769,0.018836390586383773
1013,15,0.2946183229791602,-0.04282642438505425,0.1420893946653815,-0.20884939378461875,-0.06342613233075065,0.017796028300244373
1013,16,0.2583574811980557,-0.02745857233161367,0.17847129079838203,-0.06761756636318698,0.03947276111281292,0.064810426306146
1013,17,0.28147015400197223,-0.03940900965273084,0.16572559916495544,-0.23060448743508533,-0.07392386699458733,0.03393267787177609
1013,18,0.23924104196248427,-0.04869661031770113,0.2159651412720023,-0.16126675854752529,0.013310236292601207,0.026509412118063583
1013,19,0.21546824573300138,-0.020855715861852545,0.21583133098178758,-0.15600435672063176,-0.05610429548416649,0.04999275780048952
1013,20,0.23023857719427215,-0.03558604352622933,0.2468067393680718,0.0030615394732983504,0.057189565198994645,0.12710435667638154
1013,21,0.2602315577959242,-0.02804260272379022,0.10327001774776864,-0.05760379316178369,-0.04333039046226207,0.002860343551832193
1013,22,0.0895163615813451,-0.01169909345576661,-0.06590536837973007,0.2833444618491145,-0.10673249601027254,0.2762726259732247
1013,23,0.06452831887373635,0.0016871898678099198,0.28707043737140553,0.07438310423098891,0.07118717397695887,0.14701269383200916
1013,24,0.17901367438782748,-0.041615898585647675,0.28516769325503244,-0.029690445643350685,0.11732428291797359,0.15242740773730853
1013,25,0.18027349136951576,-0.05540659498540544,0.285879424590892,-0.04393169236005918,0.025135488026991434,0.1252323459403727
1013,26,0.09887168740325723,0.004584011094904812,0.18941985186153912,0.01574033394298056,-0.007646574977018118,0.12323628772220097
1059,1,0.2665580532107778,-0.04059113743377239,0.03416116320021754,-0.017344094535099233,0.1392112690275272,0.01323264614818
1059,2,0.2720745328904295,-0.06937569820925953,0.01474343257297845,-0.07609966535466944,0.22807991070974568,-0.24346370931599154
1059,3,0.29009306717379063,-0.04448650695619909,0.03312328794901392,-0.08304341895998169,0.03426134771817311,-0.02634681799841957
1059,4,0.17936446485812169,-0.05077407153806352,0.1145612318914928,-0.023670879231297653,0.17752475458019704,0.06769934521566287
1059,5,0.2684691732165065,-0.021841148296298258,0.05813897363555948,0.0014151077071704265,0.19671768787791125,-0.005378804770741625
1268,1,-0.1859359733671142,0.3332684028129674,0.0611242057499295,-0.055414506464708156,-0.07380568032574565,-0.0894330371532476
1268,2,-0.23251341356084798,0.18451992134003803,-0.08583540544604698,-0.037844554512319044,0.03216249340897539,0.0016503881580990816
1268,3,-0.2884133069939445,-0.10835254345014486,-0.1045952738523092,-0.23504493389996536,0.008488446191052632,-0.02275979722152992
1268,4,-0.24156878067809356,-0.06780651842603866,-0.1214756793583657,-0.2623189658875997,0.11175209953121021,0.07039323996679167
1268,5,-0.10844244900500848,-0.03994902701544382,-0.11355986487112303,-0.1273281583427252,-0.03287091794708594,0.04203997205600525
1268,6,-0.16813862936740726,-0.009734062362423364,-0.1220771403915841,-0.18983043911929065,0.0866732811729981,0.05606437605720197
1268,7,-0.1738269117756564,-0.04721286736403151,-0.11513058310057038,-0.18327964102560368,-0.038107160059513256,0.03527516914600592
1268,8,-0.28586455410609174,-0.09483839974127053,-0.20189836540708486,-0.2003329078546584,0.028418452351548475,0.04153299246277521
1268,9,-0.3180465260409005,-0.1066974365977767,-0.18650443724867868,-0.18569898551191275,0.08408750969403062,0.04640992374107833
1268,10,-0.2501100036185056,-0.08720984061909592,-0.04932074725048277,-0.19425827343154692,0.05636744866651522,0.10695275304055775
1268,11,-0.38702501849314974,-0.12116049945422563,-0.16159022653091173,-0.2331300799360794,0.1314082090187101,-0.010879631809039014
1268,12,-0.258299820370592,-0.062300553142962976,-0.16991090341433387,-0.2482862060722471,0.11286668630130008,0.07930144117655004
1268,13,-0.29598055494434267,-0.10431550583715507,-0.1452843236237649,-0.2057469907215263,0.14839693748627594,0.08185881361861774
1268,14,-0.34592805747127026,-0.09259255760171572,-0.12664617673520573,-0.1710042743470439,0.08039660331980261,0.04046740788360979
1268,15,-0.2280109264768661,-0.1019280875474752,-0.10583075837771691,-0.19676544299683274,0.04536883153667724,0.08945596987172393
1268,16,-0.31298497735783687,-0.07322945941662698,-0.19839894598442917,-0.25726600804151223,0.11598687410187694,0.08330361086319679
1268,17,-0.307548060813425,-0.1129902254015486,-0.20740602378764,-0.23152131445892887,0.13559820109967777,0.1866551800640296
1268,18,-0.2979718849452745,-0.13675481132354672,-0.1953615967591894,-0.25845123851442614,0.07720778039176579,0.12486752966793281
1268,19,-0.2462112629937198,-0.1383617399586642,-0.2742170448566338,-0.2700067746145418,0.16612331009765963,0.19165397406961673
1268,20,-0.30805724605250046,-0.12826296799785203,-0.15479550323054295,-0.14712067025792844,0.1854001237364994,0.11068098246249075
1268,21,-0.31789578698084847,-0.13607357068985976,-0.08088426963003331,-0.18553089884034776,0.1857290270787857,0.08641290832487425
1268,22,-0.2879157458168206,-0.1299729712043918,-0.2119748091879728,-0.26939652273183534,0.20553011670804736,0.14928018350348962
1268,23,-0.37643785768016214,-0.17534763431966488,-0.25293847349752935,-0.22183727801602424,0.13203850228130462,0.03304987375653597
1268,24,-0.3283026494171977,-0.15544090481882103,-0.1691143048213473,-0.14943898628106272,0.05950609055896096,0.0004337057458369334
1268,25,-0.29615353803487526,-0.07698246862953698,-0.18701341694758672,-0.23925096535251994,0.17128878819188656,0.05268509279467276
1268,26,-0.278475804818566,-0.081319706034819,-0.19748525254937374,-0.2599444181367059,0.11663551088620289,0.06116542765810046
1268,27,-0.3874961287927605,-0.08017168400001864,-0.26971532450255586,-0.248794319442152,0.14685756669357544,-0.05642404277627419
1268,28,-0.18217927351962124,-0.13251385304517074,-0.2529992297576102,-0.2185893420281643,0.10304728834636603,0.17722194649795098
1268,29,-0.26977723594421443,0.07114307980850262,-0.1765216743362564,-0.24571404512531694,0.16145524407350692,0.10182934613317215
1268,30,-0.22379515806439135,-0.031022728943966675,-0.15598518761855398,-0.2306787851299443,0.17867392491861886,0.11701753522940596
1268,31,-0.30071801895524725,-0.15628978455261078,-0.2113073401864521,-0.2460620349286629,0.15412525212112707,0.09328565113361752
1268,32,-0.20814078853121157,-0.10340736881103364,-0.2742196200452968,-0.08237239663277482,0.05944535528309488,0.07919832134578629
1268,33,-0.355271843261126,-0.156310016115267,-0.16745766196022036,-0.19319462774026477,0.13382641598601885,0.02647535676424754
1268,34,-0.3095133814542267,-0.11925680270176413,-0.27927438483687894,-0.10798366989673093,0.10655663681868358,-0.08026230641862206
1268,35,-0.3584928668621946,-0.16091576111647637,-0.18275308109337718,-0.18289506835079725,0.12558334368714572,-0.0927943081148052
1268,36,-0.18214516308110584,-0.11663969845719124,-0.19583883308923686,-0.10962764513488239,0.03283103301205301,-0.07374600053611229
1268,37,-0.2849341866842854,-0.14866487509507206,-0.29606939936122995,-0.1468513737053264,0.18472199565116332,0.024882519984342242
1268,38,-0.24533541346329005,-0.11521190449032852,-0.2272175790554577,-0.17695306185228224,0.1612648460663492,0.07684006537368922
1268,39,-0.3136219384400192,-0.1742237941409713,-0.12433351693339044,0.03330863542705712,-0.008509705832434395,-0.18922969026893904
1268,40,-0.31170046956446634,-0.15240094845043517,-0.22121880540748368,-0.23107043429766852,0.2046342585557612,0.16907633287491758
1268,41,-0.41016748260444397,-0.14890983607537964,-0.23853887361258758,-0.17656698489653386,0.11938970034119985,-0.06733030064529126
1268,42,-0.3935355256533518,-0.18624093106059392,-0.3106793299990437,-0.2434442776389701,0.17167738863160456,0.030752422027087355
1268,43,-0.2512333227778217,-0.14491401369649037,-0.22400872167825422,-0.03747334979448134,0.21385588598316232,-0.23349477714558803
1268,44,-0.278082927247475,-0.17252415569946974,-0.21141384806471056,-0.12875509756360445,0.053831412615661545,-0.13526328518657765
1268,45,-0.2391236997038224,-0.1577676768089604,-0.23557649726354413,-0.12564647071190968,0.10616828727815693,-0.08203616438699018
1268,46,-0.2564139961417082,-0.20590196408517525,-0.14783370408941834,0.0077389790706960965,0.17260809504623897,-0.18746502197570653
1268,47,-0.27862988857510834,-0.15919864902379252,-0.21844718979954436,-0.1254265386278854,0.15258100940475094,0.08948845124219866
1268,48,-0.2908364673912551,-0.07143594972176023,-0.33451921934936274,-0.17590781245080359,0.24659740962746418,0.06952919731312122
1268,49,-0.18553312403101424,-0.1280572799098104,-0.28764753841699814,-0.22992449250054653,0.11124368143681203,0.20358224230025154
1268,50,-0.16870755797952186,-0.10500762816129183,-0.11037625161938963,-0.08654865740138813,0.17375542680298497,0.06616377461060667
1268,51,-0.2812247229444493,-0.15602265524663933,-0.2770433810760939,-0.24249089674828866,0.14375344298267442,0.1516931070314391
1268,52,-0.2141953771141039,-0.11609499536180995,-0.2419490995295946,-0.26785584039414573,0.16337093912189682,0.19227208287416178
1268,53,-0.32475022498184414,-0.07687525467172127,-0.24420581280396314,-0.2687844692034868,0.2192672394765477,0.1536394419348554
1268,54,-0.21150264583917433,-0.1269071052639008,-0.22559215536936178,-0.26920471783681466,0.06762937091085826,0.08572845789528605
1268,55,-0.2937435789948178,-0.15449018127594602,-0.17215660658256746,-0.16635245607824828,0.17528127155780637,0.06605498796111392
1268,56,-0.3655279935603656,-0.17015547362322375,-0.1945215212136109,-0.18269087122752203,0.19797365409961698,0.035484442019212165
1268,57,-0.2796621835869117,-0.18454392047134718,-0.1768503293006952,-0.27193580368006176,0.03956452502667973,0.03118366814891873
1268,58,-0.36231264039696504,-0.21140484511648036,0.05643747796013597,0.08427886339890799,-0.09950965954337654,-0.19889729021974012
1268,59,-0.3437082364522461,-0.19483384705079795,0.008073338100628337,0.07926112379602934,-0.19862672290274602,-0.2855529316933791
1268,60,-0.37837964420507203,-0.1955512458812595,-0.08267032455112995,-0.17450213122438865,0.0571723991361198,-0.029490624621114115
1268,61,-0.38259288344738873,-0.0992513595828595,-0.17164216369039592,-0.27811018038707397,0.13747278457653217,-0.02196552647313936
1268,62,-0.38167666944453366,-0.16177041412745452,-0.1157434457639457,-0.12241831692076337,0.06078575495544115,-0.130989545274199
1353,1,-0.19348951015806198,-0.12299444317346953,0.053134425457583484,0.17394712854568015,-0.0859071220274522,-0.23132998920062237
1353,2,-0.05042800099639882,-0.06827103457045361,0.0398823765101995,0.12918119003356437,0.03632930040501821,-0.13290930614709864
1353,3,-0.09252540017182068,-0.09579246962383894,0.08710156941522845,0.0849376713123294,-0.20321153197411304,-0.13846913641203323
1353,4,-0.023509160769469722,-0.01629555009064762,0.15261907013447978,0.01275025642644817,-0.04211236972256038,0.10045959736038709
1353,5,-0.21135188655586992,-0.10387705387526151,0.1450158319824192,-0.012161850952014712,-0.13792458894849755,-0.20730334353531188
1353,6,-0.2618658128843434,-0.1064175708731048,0.10278078856460042,0.03167759319793897,-0.023524690161003087,-0.1431682436539336
1353,7,-0.19337504098727232,-0.13122368103121168,0.28036813882237355,0.0834962105678507,-0.0019191549774381662,-0.09203000307770973
1353,8,-0.19387590623301706,-0.1198138763012207,0.24851436216771203,0.10944582675351627,-0.02904831447583639,-0.12598388083744225
1353,9,-0.25778148787132854,-0.17701886434069708,0.002989555818636287,0.11904231601119801,0.09016350506997409,-0.3250176732566833
1353,10,-0.19355511369947576,-0.10615823929771648,0.10729274244389353,0.08891716617816807,0.010800630869321648,-0.16002568774413953
1353,11,-0.19696689372236015,-0.12380142392974866,0.033177827838979296,-0.04534259095117488,-0.022056363477343056,-0.11981242737462361
1353,12,-0.21530671163605447,-0.0990914447885366,0.03797476529100676,-0.0203390886280655,0.019561856623657725,-0.1824760715612921
1353,13,-0.08231475218592924,-0.07895842078037806,-0.02192579100257101,0.10194953202193402,0.08746480227359611,-0.052294413014794525
1353,14,-0.1575106288337846,-0.10705224375611866,-0.01576587200208114,0.09538052195985326,0.001333815642428488,-0.13484907073094762
1353,15,-0.13315933540891425,-0.12562619010867782,0.10756363774109148,0.10999818802877973,0.10059292221924938,-0.1147816729252262
1353,16,-0.16936727850123695,-0.09346593651563023,0.1470779934550102,-0.03761924446284607,-0.009076555795732463,-0.05196705873458715
1353,17,-0.14790446701122245,-0.16986513105006776,-0.006175823683661246,0.13541750237550665,0.22258086817234082,-0.29142900729030013
1353,18,-0.1959104574894783,-0.13379564445149417,-0.0019541280404820026,0.008333965637398622,0.04376204952577374,-0.12395977177165612
1353,19,-0.12480603048117601,-0.14208902464789744,0.024860963474732548,0.16045940161036776,0.12734100120051972,-0.16746729098484725
1353,20,-0.2075566880459657,-0.14009814460868342,0.1445557744437813,-0.013939614438190737,0.011986253545568768,-0.07065987226957374
1353,21,-0.17296964659730488,-0.10466843693151062,0.08788687194546871,0.03717603940804145,0.06955241239109142,-0.010345745447453411
1353,22,-0.1182903382168551,-0.0618725890117308,0.24488909253385271,0.09038100918336242,0.19511611111438995,-0.01785957569574919
1353,23,-0.15050086289062128,-0.10575417641493912,0.12815936390231447,0.04780702843273411,0.11175010325978339,-0.12866385084542753
1353,24,-0.12158011105101663,-0.057168548050125986,0.08584688074057634,0.04392282077873189,0.018787081172183986,-0.10804026456935077
1353,25,-0.029946353240774944,-0.08856692835957655,0.17936197759233305,0.1568998155408908,0.026358073296893304,0.1346035145176623
1353,26,-0.06479872739855055,-0.10302622794462798,0.1420238120497019,0.17549695352223846,-0.11864625659018822,0.09729386832299335
1353,27,-0.09565196360657714,-0.08778926674030266,0.27152667467293445,0.19515684366835068,-0.043977841249900125,0.2716616039723653
1353,28,-0.16291575668634017,-0.12505590746025272,0.28032436123822496,0.2056332858332464,-0.04420059741820411,0.14157824828605517
1353,29,-0.14075883707242576,-0.09405841112083327,0.20934125804836684,0.08785043647364735,-0.010049300328858566,0.13980559917148178
1353,30,-0.04296688868091097,-0.06960902382346207,0.1442107841972901,0.18675838463764546,-0.1273697601991746,0.1303445522200309
1353,31,-0.11637058780599951,-0.06291127080088729,0.2515946207452312,0.14886564804173968,-0.06644745755846082,0.2694324137879958
1353,32,-0.0993267384103916,-0.09984616538866609,0.3151440579453953,0.1397679516905599,-0.005874692697304651,0.13678581241626508
1353,33,-0.03640987224593491,-0.06266401351578758,0.0746804669848456,0.17748401911611794,-0.06525256021865998,-0.042332882729313216
1353,34,-0.0746507219005724,-0.05782685869836297,0.1885347299305295,0.0850505841903751,0.05125075635449172,0.08301382203867602
1353,35,-0.10590472891088962,-0.10636604096093424,0.19667363151069406,0.04903922660049771,-0.007854513218708437,0.059491990545509604
1353,36,-0.15974245609658497,-0.07627875592494922,0.1909113835291831,0.04386068107186672,0.004002389005803023,0.08311704593363195
1353,37,-0.12077014246529066,-0.12219064889977498,0.21450858260167766,0.15971498451405575,0.06877613108361211,0.11290737147587517
1353,38,-0.0008047046704381059,-0.07405997497440368,0.16883475928682798,0.21120868249090893,-0.005764892830231713,0.183666756918955
1353,39,-0.25409418607639894,-0.14553306478956965,0.14273249938695826,0.13582695256852725,-0.06799422700624158,-0.08347652729071667
1353,40,-0.1421995093178224,0.046423987106097374,0.23635525996972395,0.15346381277079352,0.05876195170643335,0.03481464059017532
1353,41,-0.19586571538340913,0.08610082754837702,0.2203327279618844,0.1618954895370612,-0.04606904236379653,0.0009566942185926849
1353,42,-0.11703880227415148,0.1810201180432707,0.18505711684595405,0.017794838527564243,0.02949630188842415,-0.0004163798568087018
1353,43,-0.1275149661939652,-0.09268337792034281,0.1226779615414225,0.1816345241412261,-0.05604427667324348,-0.019091803418979154
1355,1,-0.03663862948091077,-0.06838380096364405,-0.24746249506593712,0.08097275609153715,0.0603825089880755,0.19764295324613612
1355,2,-0.11395575722786083,-0.07408346801951532,-0.14442713108920313,0.1208466334676042,-0.010578373115324715,0.21082026033306928
1355,3,-0.047964959648150736,-0.06660840314305694,-0.36748437670056894,0.0645613351847242,-0.059853745885901054,0.19980558566491302
1355,4,0.012793197043715008,-0.08289842818803023,-0.35842956540619186,0.1892442301261188,0.03373480804757275,0.13995706603877708
1355,5,-0.019879505771071445,-0.07751335872065739,-0.07117200370813795,-0.02099062319106389,0.09667883033236314,0.11599311682284215
1355,6,-0.06427611359692698,-0.02629443936027081,-0.1874897735583924,-0.003839728409508486,-0.004275470801279008,0.16970237564762855
1355,7,-0.030806334328584407,-0.06868068543631684,-0.17067194481444203,0.07277039129569308,-0.03951304295468876,0.16129769093181182
1355,8,-0.05516052885695235,-0.07886325606474037,-0.27832321296312695,0.06740741166434476,-0.048956688379388595,0.17199139293141483
1355,9,-0.0783498712811636,-0.1059250240560396,-0.11837670093361667,-0.044393551616687406,0.04436578066282859,-0.004919324491614028
1355,10,-0.05601862118929382,-0.0262507464404745,-0.11142423750159824,0.06894404813440747,0.06019942491537953,0.11590021122247213
1355,11,0.04760359032321523,-0.03805788657792196,0.00910855386882873,0.009668023242501059,0.007196212304581373,0.050605648069225274
1355,12,0.16323013027220992,-0.09784815593007296,-0.11810688767178151,0.30114850369199403,0.41950279113265965,-0.2406793079906573
1355,13,0.12698662555877765,-0.06791378578043139,-0.09710818637964537,0.2534347218965095,0.35676474838824246,-0.16354705115953325
1355,14,0.07924169315692457,-0.03239354790660807,-0.017472669199226458,0.1804519117880856,0.31545057911323227,-0.21786368822889937
1355,15,-0.07180284091430017,0.009300606966042693,-0.10180707813079623,0.10946595761000535,0.2001762417824235,-0.02936733911675216
1355,16,0.04603682042614723,-0.07604135523415495,-0.17052431608216587,0.19979538299631436,0.29188934112643566,-0.08742841377331588
1355,17,0.14582352874612045,-0.07280751685070547,-0.19991262064793394,0.2635169091486922,0.20461414088397337,-0.05749041159457043
1355,18,0.037442947394854424,-0.019620966907633982,-0.06897968957957396,0.04479939470759033,0.14979078602629714,-0.02400738052043089
1355,19,0.06071210785842385,-0.005790383223777711,-0.061514255573097,0.1142981234821167,-0.018669748504148473,0.1147435547742802
3091,1,-0.016697193653749484,-0.044549893805111956,0.021418803590727002,0.005324711170545332,-0.009887169130418524,0.034366149191286686
3091,2,-0.008414937517137178,-0.013626045787045196,-0.09422139991575831,-0.03273634267962726,-0.07607455022354015,0.03478644971013243
3091,3,0.04909985166717279,-0.039114998607629306,-0.14387137283892693,0.2032798878584119,0.36459567255617203,-0.14437571510901798
3091,4,0.1521931889898506,-0.06087743656087734,-0.1274476346566608,0.30936481126025067,0.3757627533318004,-0.2192775001627028
3091,5,-0.15076050881865763,0.06938646671356472,-0.024853514637035428,-0.002755768052749118,0.09559676799759213,0.07293310466377655
3091,6,-0.07204964903103321,0.03201938147338072,-0.10107855191028847,-0.040728681176259225,0.17752990493142054,-0.022699124385568564
3091,7,0.0112402625247103,-0.009370317537132012,-0.12867278406561874,-0.025646404616952386,0.1003482952878791,0.018887072944073803
3091,8,-0.0522139939346714,-0.02469242348146027,-0.11249573244877116,-0.06201611521857442,0.13751672894136882,0.05714365408729898
3091,9,-0.06815553717913087,0.005830397837394655,-0.09580841269851961,-0.03429075748747387,0.1054254998590362,0.0557836731285334
3091,10,-0.10334155379982429,-0.02564560241965836,-0.14939140325642564,-0.07082573484076363,0.16808444773874157,-0.031513341529980955
3091,11,-0.037609760808655135,0.0367521681863691,-0.19612982803145354,0.10465706686281989,0.2500366484008602,-0.1498021452616331
3091,12,-0.0409842099221583,0.017781695715787964,-0.1633955026197231,0.09090968845005719,0.1090822734303248,0.0648590223512384
3091,13,0.0022950284769728173,-0.044800980962781525,-0.14441920738841799,0.14343270575387407,0.0036084476972130033,0.03515397027969327
3091,14,-0.08321164827115049,-0.033625692178735324,-0.05611501903865759,-0.017707749334570203,0.05803862525257194,0.028891013408285635
3091,15,-0.1085327507446254,-0.014327649922213623,-0.07868740452387218,-0.10951267193339788,0.09104117419977627,-0.000495212752289512
3091,16,-0.0833509338906668,0.016152651876409144,-0.20500347702944183,0.029680841773685136,0.10551873570782318,0.03797392253344269
3091,17,0.03705484161534184,-0.045736088532088874,-0.13115837332536212,-0.019696203236491617,0.14631312426034526,-0.07593259987808039
3091,18,-0.08222394420873122,-0.019776091379202415,-0.16194414251358422,-0.005236734931572153,0.13563984710257893,0.008954241587524302
3091,19,-0.010950104993930945,-0.009414842312036917,-0.11951809175667835,0.08855929749195969,-0.014649994237222115,0.10185719701110443
3091,20,0.05031609180823237,-0.044738870486527714,-0.1079243791639869,0.16765299536647976,0.035404805794075796,0.01237096224341478
3091,21,-0.00042876540723656067,0.0331144826669699,-0.05051585905063834,-0.029638733560783646,0.059768090983755094,0.060143928901816995
3091,22,0.017439143955918602,-0.06222673846927103,-0.16782836650047692,0.15689917269255485,0.25124695361565974,-0.11103405039782416
3091,23,0.03935100127939175,0.012698872311031367,-0.0774883489848572,0.15324629630849063,0.09100307204833176,0.04917681184963422
3091,24,0.05990228679937956,-0.010371995005915992,-0.053578458868316525,0.1257945062382017,-0.07576650560422914,0.13217394031305335
3091,25,0.004165857530614202,-0.011282220769291165,-0.04825317912493867,0.14213880340555268,-0.09044711774152014,0.12365125037178283
3091,26,0.021305523013530815,-0.044382458585706205,-0.18134479564753872,0.07480913691455679,0.010577701519448736,0.0010101942432832337
3091,27,0.026630971329888,-0.028333669555874186,-0.07658285154061273,0.04719345384721638,-0.0077653543523240574,0.06149585555086492
3091,28,-0.06485462515936628,-0.014768841048013352,-0.09423539073798483,0.027438535003134257,0.1171558219726734,0.005469013867104038
3091,29,-0.07060887625921924,-0.02199288827948393,0.05191773210331106,0.013119869485207217,-0.013461322152631315,0.0679797421734318
3091,30,-0.0744705365117961,0.0003941997218279564,0.03951708859249964,-0.09853528307959203,-0.03706192729147318,0.035120505819830554
3091,31,-0.014689684333038196,-0.017697083318588283,-0.027614590733325367,0.04677375909765949,-0.0465334869746771,0.04409694748401305
3091,32,0.033846089711231826,0.02216957418221586,-0.030148806793462414,0.10973735913170599,-0.0412965650083607,0.13009410794459597
3091,33,0.040484646987724644,0.011229103154115927,-0.05240725134132161,0.1564104272841914,-0.06982652306149659,0.12749557608505463
3091,34,0.05222593083539275,-0.016330899401623435,-0.022531267323666657,0.07652870091257981,-0.014608292508973976,0.13189398621195228
3091,35,0.04877726156148622,-0.035886019539886446,-0.06322864269944907,0.13911938351368308,0.04791850382621549,0.05349210130122412
3091,36,-0.029404627548061512,-0.033148238813673986,-0.1257847972972681,0.10047323402105596,0.10606503397057121,-0.007332464528858087
3091,37,0.09289348439198006,-0.021406052547337906,-0.06108373626841642,0.06713887436627078,-0.05042953825264805,0.04638002321441033
3091,38,0.020256266631628612,-0.005943888370860073,-0.056480768809238746,0.07988695262685182,-0.07902337581967064,0.12742076734147428
3091,39,0.0037106968890260423,-0.02567566146774738,-0.03525935733677931,0.09001771327810339,-0.022766817613417006,0.09244006658588047
3091,40,-0.06030222178994171,0.03226958419929543,-0.08323285496003818,-0.0164204608431068,0.1467098837388445,-0.003983074902492523
3526,1,-0.10023000356538413,0.3765035235228938,0.023517812063834825,0.12012845857679498,0.025977185042365458,-0.029713284319418932
3526,2,-0.0817579883392623,0.23208815558716644,0.018937088039125784,0.10631747306597265,0.034403329722384246,0.057199939270090996
3526,3,-0.04460765498608474,0.5751357026995368,0.01978211328734643,0.031491974272724224,0.058348673983532794,-0.013537914837749347
3526,4,-0.15753654415551005,0.15503042609528,-0.019730668578327372,0.024908607979926525,0.05127559051657546,0.06754496526638883
3526,5,-0.17882113865503696,0.4549368558880816,-0.010796801181915765,0.04342776592656975,0.009913394081889845,0.0037679067684012746
3526,6,-0.06085298885527419,0.5717109497986455,-0.043145637250092364,0.13124791914745995,-0.08582966596331496,0.04677968105019331
3526,7,-0.1388846009232917,0.4392490935759612,0.03481382734392028,0.049344036969501424,-0.05659991520779894,0.05317117236176461
3526,8,-0.18423728357129604,0.5585600811832305,-0.013063504557228458,0.11914368980373236,0.02831173818546114,-0.1457683916417794
3526,9,-0.11893205945914509,0.531825369216169,0.1354129284811186,0.0863759616158832,0.04529945529039073,-0.03106455117245554
3526,10,-0.14015881845061856,0.356291808717619,0.06905267154662488,-0.0022026689377370305,-0.03912062470494222,0.0367189925227973
3526,11,-0.2820562271911723,0.5621613154075547,0.001977362249170175,0.008132643099796315,-0.009843823362709234,-0.16999960365171454
3526,12,-0.1744028169021431,0.7017444581715464,0.004309647023656388,-0.05798120154301557,0.019744576703775468,-0.08762940690600038
3526,13,-0.14333914716953067,0.5623845507360092,0.05331050765766196,-0.025135581985957688,0.016118218919767866,-0.05189323540127937
3526,14,-0.15070994596187812,0.697769043625261,-0.04548199069085801,-0.05255083395152262,-0.03904174164623396,-0.05247965676145867
3526,15,-0.0493597117143439,0.6282899915989013,0.07588424318777406,-0.02131264686028072,0.06336924020019583,-0.052995246176914625
3526,16,-0.09013755629123618,0.5318130000647954,0.09598736230211985,0.006523238949550862,0.08816014884467266,-0.10225400066469824
3526,17,-0.1767727796708966,0.7070973820059252,0.023754208240215346,-0.0781226375247353,-0.02051416273774851,-0.08830240938620444
3526,18,-0.26285999334949284,0.6953749148710621,-0.026965165710150715,-0.08154123302639014,0.04659464253879784,-0.11220311596533836
3526,19,-0.11711223756200348,0.5223846679119053,0.030601334129547526,0.045738182629299275,0.0997562421302219,-0.027714944364403728
3526,20,-0.1288449212262609,0.6543357440345066,-0.006038026750355528,-0.12904164020758874,0.014008941097450739,-0.08105321012157933
3526,21,-0.05527868952355368,0.5830480921743939,0.0287427782537688,-0.08990919123176765,-0.03799143725193631,-0.05306987883737807
3526,22,-0.14901897280502274,0.7627035320215134,0.01726965322795786,-0.04672229805152674,-0.011597388135761602,-0.08826680510668541
3526,23,-0.10833120955212402,0.6994286864016581,0.021399469464869217,0.009815511972519043,-0.01874577957570584,-0.03809525019812818
3526,24,-0.18060884668635208,0.6775420793113927,0.05750074412918043,-0.05713267630069729,0.003909894889335344,-0.042776902337945705
3526,25,-0.1352617099578491,0.7402434507902025,0.0432934742343809,-0.054294579282880465,-0.025860853604338804,-0.07847302344334872
3526,26,-0.14638972002715128,0.6104708322156503,0.03907885104951103,-0.05096762000011256,-0.04177255932401334,-0.06350145944017352
3526,27,-0.0879674166290863,0.5323929719477462,-0.004270660120337222,-0.0833992250809378,-0.07042518153861974,-0.07461915966781811
3526,28,-0.14459180961593088,0.6582325395055648,0.016531875939992675,-0.031755303818825395,0.002184330321676649,-0.04657110077420085
3526,29,-0.19430278616007723,0.6238707518730282,0.03971752161266792,-0.06608384691937795,0.04985953594472792,-0.04400987749608316
3526,30,-0.09057639076310181,0.6366927460331561,0.008643959567554952,-0.05689852665599688,0.040840635737876475,-0.06592364595528573
3526,31,-0.11626500939087518,0.40078037524056254,-0.03621872239207938,-0.02131290411316345,0.041199188590815256,0.02723321260176683
3526,32,-0.13793099067926068,0.605008653479566,0.01471639443547955,-0.11187604059789202,0.010183464991550525,-0.077739526750075
3526,33,-0.2222326016899103,0.7068144049454714,-0.03546903348760908,-0.0694086827533866,0.029700232014209377,-0.04683775550229422
3526,34,-0.1424986589023921,0.5942710993973189,0.0023529067139909593,-0.06645513589814292,0.01412660819931224,-0.06860195859213762
3526,35,-0.0980136376435782,0.11426985244825898,-0.06434875406839444,-0.1287349284063603,0.07059637778251071,0.014328840882981211
3526,36,-0.09194724386012038,0.6834499804564009,0.01210137859973958,-0.038097536006875876,-0.06885844617629569,-0.06584828287935354
3526,37,-0.07515517133019349,0.6020182648702006,-0.07119823434439432,0.01020249192182579,-0.0034408298521507678,-0.05258750333512227
3526,38,-0.16584048822974834,0.45038697880775014,-0.042889946465727344,0.0324895710982356,0.09817165316012845,-0.07781456502158432
3526,39,-0.051397936393785204,0.5071524720818295,-0.0017228959547917495,-0.05563387628602799,0.06628750399074995,-0.0771809571639238
3526,40,-0.14606700798571037,0.6326752746520383,-0.0018878189644790846,-0.028777206245059656,0.025308874885076056,-0.05253702857880192
3526,41,-0.14141050599185634,0.6465650443384483,-0.008999706977836258,0.011348792476496186,0.08538696688489525,-0.11105215249058709
3526,42,-0.119860151823453,0.5817534972804991,0.03301828407035138,-0.07236221625639919,-0.014469740692049187,-0.041697741887397284
3526,43,-0.1724648337183954,0.7463672572413165,-0.017524904336877346,-0.06024613073764509,-0.009285902797127007,-0.09279627185994879
3526,44,-0.12464475614203477,0.43311965088713344,-0.05555072938916863,0.030300791704403786,0.06536061077480441,0.010439104279245194
5230,1,0.2678730923884186,-0.06109553452376529,-0.1577516277354932,0.24131396540776073,0.24457094780458336,-0.3413511215038649
5230,2,0.29866788691880664,-0.039785431224204276,-0.3202605824332447,0.34567283599674026,-0.029831079493478373,-0.11068306008510695
5230,3,0.307831628242446,-0.018720424608368074,-0.14829603110113368,0.10100628518696558,-0.033339236891489814,-0.1146674890979929
5230,4,0.31938653557630403,-0.03016993973302961,-0.19626535243232007,0.11192802150380199,-0.07027616314837075,-0.05678272277229713
5230,5,0.2551802545887838,-0.013757519858070954,-0.36405060743307655,0.2222145055735798,-0.30951062859082185,0.07530794736995393
5230,6,0.27950138038582595,-0.0281375591109735,-0.32647255264874603,0.24511530881135157,-0.16484998049947883,-0.04249107676399572
5230,7,0.3727362262695991,-0.02091148182726526,-0.24710147001047691,0.07230537572559582,-0.18314865924320511,-0.01919451168938704
5230,8,0.09464590242346846,0.025200724479611664,0.02161276127606245,-0.06803498488988576,-0.11006191845146081,0.055072067010636556
5230,9,0.21647922038686016,0.04695192902979899,-0.35607570779379966,0.2690266146943453,-0.3296338933073644,0.18100823125145674
5230,10,0.24816262360642663,-0.002810385692520706,-0.33038987516415375,0.1382717545714991,-0.31554818020321596,0.1676053001389097
5230,11,0.1938152301353238,0.20801758593637404,-0.30490320375631297,0.20863144536603204,-0.33398013399684134,0.1363395338458847
5230,12,0.2774857280649187,-0.014189528503915257,-0.3391223140522061,0.17115366333895554,-0.29960214261003404,0.09688522045292824
5230,13,0.20356327725059858,0.02797511631980329,-0.23820833720236534,0.15073205727963399,-0.25938119904358736,0.1274236595243762
5230,14,0.19217817697931228,0.03536606314274362,-0.3516670948921058,0.2962708980831735,-0.32275672860559596,0.20408183122602713
5230,15,0.2585802156906222,0.0034115606606422016,-0.017733016648675617,-0.1523888377537686,-0.1360458880891568,0.00794826773020212
5230,16,0.25760218221599585,0.012223176465359621,-0.19155547950883614,-0.020587690403931026,-0.2971738053412688,0.033146152141744066
5230,17,0.29389178658182685,-0.023750285150806724,-0.033582971184286596,-0.06780767384009645,-0.12069675309702105,-0.04019743242565533
5230,18,0.2340401465440557,-0.013977706149598673,-0.07359318818924065,0.0327184745041319,-0.16375588531509577,0.044330661002173054
5230,19,0.15172890582638696,0.0076901415516446945,0.09928729229556632,-0.01859459832055373,-0.06323820652993246,0.06516797551586505
5230,20,0.35061318382996354,-0.048103135305452335,-0.10881547299499775,0.0037848647785623237,-0.01648623328234781,-0.10172573061519892
5230,21,0.23195823509102714,-0.004150585419095847,-0.018699989612204024,-0.16968948522155752,-0.10180408089560054,0.03294917216398961
5230,22,0.26200630644685063,-0.0287991799181044,-0.02710965932757421,-0.09189797630312499,-0.049017843911795735,-0.0005073219963724861
5230,23,0.2934538367585199,-0.05705149347498743,-0.1047728564965998,-0.07916559033173633,-0.13274604450020194,0.010856551894113232
5230,24,0.24190766097171607,-0.0009861533446117975,-0.07775784990735152,-0.07788094286385978,-0.14213849336840875,0.025161121890942613
5230,25,0.1678157429513858,0.02820555060909038,-0.0047929425889361235,-0.03935759712204797,-0.07539218892330009,0.01923118336253994
5230,26,0.1480620578821025,-0.008514526189486175,-0.09699724293793804,0.037662152810033024,-0.041276439678491664,0.04435145254020663
5230,27,0.28244866385775214,0.06716361039349725,-0.12191091357453501,-0.14108721763923124,-0.18791798063698814,-0.02229819876665742
5230,28,0.35010338774468414,0.036173094518979945,-0.18665171142952733,-0.08226931478360378,-0.21161706363479374,0.004410155625530975
6424,1,0.23005775752303304,-0.044269607814702905,0.07514415011721778,0.057456771605499016,0.16440963196500794,0.08075400890455804
6424,2,0.21831059307227188,-0.04760980328504809,0.08428255779729628,0.03794420152403344,0.2391760429933975,0.010671001755723546
6424,3,0.15699762568121778,-0.04149615814239255,0.1035773608998101,0.05603051387509021,0.15965280706942583,0.11338944715668364
6424,4,0.24254268759821423,-0.02679091332405632,0.05553540297152752,-0.03491100244984308,0.12926570145908442,0.028393866701242106
6424,5,0.21300484914161683,-0.0694273579938767,0.06089664038879995,0.0667302978429808,0.23491296768462583,0.01653832095627053
6424,6,0.20477601578971089,-0.03430367293584647,0.02173828549941363,0.16380934066330308,0.304426286113145,-0.01940817685342886
6424,7,0.2550914657806162,-0.017365124961660393,0.05408069374916115,-0.05790648206217303,0.16290448798115617,0.05832020741764223
6424,8,0.28942366564761646,-0.04364031993766805,-0.030776270009805238,0.16758099229085596,0.26666405971892443,-0.1316278122844338
6424,9,0.24291293321271393,-0.02289549885212057,0.08062300508282728,0.045010460164998,0.22913123390415852,0.02850461292628963
6424,10,0.21884220407300128,-0.01565433572517924,0.08093826820311813,0.041805878996480854,0.17435330706404312,0.07846751612012673
6424,11,0.27358671417716457,-0.055488375051659544,0.06712974442077885,0.027538680454896155,0.20441237121760714,0.007368135092188018
12163,1,0.26149562626709744,0.0555302701123461,-0.02461404912229581,-0.10235944506096228,-0.09651612364033207,-0.06762888880670696
12163,2,0.22277760209612174,0.10766824635929256,0.01082720577793235,-0.03914955229718837,-0.0017730281885646308,-0.008661360729988927
12163,3,0.21439984612169086,-0.036971890679508936,0.07457666700443161,-0.20374678723035283,-0.13913351343522048,0.010222693491990644
12163,4,0.3188819270943658,-0.05116313997579523,-0.006689995706270602,-0.1306953317523562,-0.1054069971438661,-0.023654782187904684
12163,5,0.2764453620590215,0.0011157541168646916,0.058017229125361676,-0.21427180106278376,-0.12154022114201558,0.018239831626386357
12163,6,0.3012328190078456,-0.02688767293658937,0.027249446659917322,-0.18555681727065268,-0.15032480136305273,-0.020628117979419595
12163,7,0.29966176027486047,-0.03187827119606178,0.038211262694543634,-0.07515645187972424,-0.00684483260925557,-0.009062350368552486
12163,8,0.3396391127718889,-0.03107866540085636,0.05798520253212708,-0.33413240788273463,-0.18848556499025199,-0.04974072753885374
12163,9,0.3296018769289872,-0.027375999979376377,0.011783489937190656,-0.11352752876255147,-0.046023533279208856,-0.06523895114884189
12163,10,0.31703231547892097,-0.018017189040266605,0.08102189763056712,-0.29661268713065436,-0.1396933217535939,-0.026310974335132273
12163,11,0.28045740484655834,-0.011107855032669797,-0.021204037790269324,0.015053473336483724,0.03732434297217814,-0.007526528602880938
12163,12,0.35788032824422755,-0.03647211510445132,0.012643452866674978,-0.21105356678096776,-0.05893739582878423,-0.07937563173015087
12163,13,0.2362464385351246,-0.02445381425868457,0.04847365289616926,-0.2566150091135321,-0.10237745777920795,0.00791655418188627
12163,14,0.15056804832479814,0.05962096369128633,0.04900485984288366,-0.1009287730126183,0.009983142679048627,0.003620288078732416
12163,15,0.3452609662986373,-0.05617008538014427,-0.05265838443624218,0.12963730582865987,0.2917936504696922,-0.211714829354837
12163,16,0.23475013148280413,0.004017212134660636,0.032069708417412725,-0.24276493890511852,-0.0699969950521585,-0.0794195219206677
12163,17,0.19174579900891944,-0.015253293629564898,-0.013884622127516016,0.02015233749015749,0.11708212854855664,-0.016312736902769055
12163,18,0.3606872955249057,-0.051238981622285094,-0.038651765014197724,0.12444886423776533,0.2879005083569046,-0.22536150677045694
12163,19,0.2435263149313957,0.00347454169466406,0.03560888119401514,-0.02308167834163486,0.06650982141929063,0.04516538044458602
12163,20,0.3203737250825338,0.003000054501725906,0.054054476820204,-0.12078134374423588,0.06465792951369881,-0.016495860624118695
12163,21,0.28368408437062675,-0.007059986303873729,0.0008119231529282807,-0.17366506750609131,-0.027282291571631843,-0.05227506664899085
12163,22,0.3225464599542464,-0.022758298738440097,0.025265843112583636,-0.3107486577789538,-0.14317113625196273,-0.03896232658752154
12163,23,0.2867858809717738,-0.03807286589678002,0.03935363387394069,-0.060894353114991744,0.04081305838204738,-0.053721707605420235
12163,24,0.26170566543477597,-0.035525938736988394,-0.044208980602218666,-0.03312700600508664,0.04032762666839727,-0.13640792510904776
12163,25,0.3145350674041954,0.011054602433048746,0.06935654327771146,-0.272022973255895,-0.11185675433411725,-0.07856214746471257
16457,1,-0.13071989676963622,-0.03268795776021434,0.11483083429904722,0.14232399126235365,-0.1222669457277111,-0.028901320084264426
16457,2,-0.07252247218356461,-0.06513415315800115,0.32326713590530676,0.16124298228888187,-0.006100497937316101,-0.07196567097512199
16457,3,-0.0921577693804516,-0.02187044840636826,0.29118667650364366,0.15466174251742437,0.0636919549822036,0.003071434850696648
16457,4,-0.1238784574658496,-0.09678400872484234,0.3357709202288137,0.17295108538610962,-0.07579636870860952,-0.009587179668439404
16457,5,-0.09051454452244061,-0.06780190712398297,0.25808025603670426,0.1384902578609526,0.028218845897960643,-0.0026151006791554007
16457,6,-0.0027455012308657024,-0.04772698239409172,0.31525041803544,0.15376858993568432,0.06625507618641538,0.05093046196733101
16457,7,-0.060878918987856655,-0.05414601539619767,0.3407704045527726,0.21084756652171985,0.10723798434911594,0.005873218879692417
16457,8,-0.06662614982553548,-0.019364212983342503,0.3217819409070389,0.16673808811750215,0.029421824295588647,0.10473324291273076
16457,9,-0.07827930105211359,-0.010159174654840668,0.3083091172623936,0.17184541196618786,0.061816161060800484,0.03616152202797378
16457,10,-0.018693011338222806,0.01694052042649175,0.367995388939375,0.20828357089378297,0.19779949345309972,0.14947009876561257
16457,11,-0.07352282228464466,-0.04973663463615359,0.20322457700492663,0.14742349138474586,0.13444623202506503,-0.06210065537842008
16457,12,-0.1180624015114617,0.004334164400635455,0.2975051211261645,0.10622116260340442,0.09788596922284266,0.1098254969860003
16457,13,-0.08943576196717393,-0.004248120622218857,0.323789255822328,0.09742007361624942,0.07526366040471773,0.07484268983453311
16457,14,0.012823525553160794,-0.07157124925376793,0.30693191407013554,0.19793787077776473,0.18541128385459912,-0.058451839182044406
16457,15,-0.04398532286346823,-0.04683515295302776,0.3758731991032822,0.14078638513495248,0.08966612738999649,0.044796633274433666
16457,16,-0.017784136752225496,-0.0004914568064073761,0.23201157032758804,0.13248472750564894,0.15854353625562057,0.05989400335349386
16457,17,-0.06186144232631931,0.024767341762302244,0.30822209900482855,0.09261019584273003,0.097826053726048,0.07380866423026082
16457,18,-0.08999886046991905,-0.09807443157104213,0.38010393323681024,0.24267774908775588,0.14543348227949698,0.0006225571348502188
16457,19,-0.0005508648278536848,-0.015225209553403039,0.313753880734397,0.18281062009049384,0.14468564709120063,0.056348560855705054
16457,20,-0.1813887870325441,-0.010262366958168845,0.14794092986181,0.15766954664331834,-0.049588475046934595,-0.14559521704399953
16457,21,-0.09003838915475336,-0.08974310145761796,0.16790808810020957,0.15678164983150775,0.05620299069365246,0.01822178105449225
16457,22,-0.12067581167252141,0.04142558941512787,0.039088845600066355,0.02717788293739266,0.02945622411233684,0.020848584567419753
16457,23,-0.1585116194885684,-0.09176531021726485,0.10793331462597237,0.10817601222338588,-0.14798892222860247,-0.07764263887654695
16457,24,0.06878810101228663,-0.006827257903299088,0.16846423729328017,0.14887175628073646,0.16875438621857067,0.16403571713992202
18857,1,0.016809074160636595,-0.06646326183330196,0.12826946247468354,0.12501798031515343,0.018753516394500323,0.22219088985623367
18857,2,-0.016601718067850945,-0.04378956394622029,0.08086471970667128,0.11223940303148332,-0.013275735542892356,0.21209115069934098
18857,3,0.07955319447745976,-0.05172162201613256,0.04496073013818899,0.10614367993049018,0.03203975063199988,0.1329656724197629
18857,4,-0.05090023370653217,-0.05803192446357651,0.1322109611421662,0.08460233156641149,0.1046303943289972,0.19932826289212424
18857,5,-0.03608732440625887,-0.05887555613925172,0.0505970474235659,0.019225371228829405,-0.08358779703962793,0.00697839180991079
18857,6,-0.19885493519316785,-0.11466863431642649,0.028779745623196296,0.05799640739923811,-0.0320016660160009,0.004805715035330472
18857,7,-0.059453212476961975,-0.03675428144447825,0.05791311101546819,0.13991986421278996,-0.04201966033053144,0.13334070831891814
18857,8,-0.06630032519916673,-0.005350265196056386,0.07101110008449271,0.05998560480098438,0.04053480239062051,0.09483794191469955
18857,9,-0.08872513794525179,-0.05490126043727253,-0.021168540857543487,-0.0802461013990972,-0.03216141410887551,0.03195121148169023
18857,10,0.013973541015900162,-0.030082095925119803,-0.0014816073173540122,-0.03789759067558207,-0.022239625802078958,0.07989379569971461
18857,11,-0.03812234661788698,-0.07171533383739123,0.08226464095124442,0.08004409498401173,0.11446276644040387,0.14390054088724735
18857,12,-0.0972799678522887,-0.048175150897507096,0.15299936013044255,-0.08062077283955323,-0.0018282286317686984,0.1715155763324545
18857,13,-0.0804154247674574,-0.08467938642892456,0.18862260771408557,-0.056705499242425454,-0.037188681643099825,0.15945561802347039
18857,14,-0.055638779855781834,-0.03703901686300162,0.14151483484300914,0.0036533244000894463,-0.07249053200797605,0.17571415563817414
18857,15,-0.1150460676046951,-0.04365773396013073,0.1936542052893999,0.05253630189536172,-0.08023178736149425,0.2113112288597966
18857,16,-0.07548773433084864,-0.07196342930668723,0.14678878005739943,0.028984208743247804,-0.020710010246016528,0.25796864703818084
18857,17,-0.058488012157084775,-0.06712898763469,0.16437213463991163,-0.030089083577760245,-0.002743457072898074,0.18118510852499187
18857,18,-0.03760359707093047,-0.05376649741126512,0.11895009515408547,0.06274533746839434,-0.04062182149994361,0.2082378257495889
18857,19,-0.04001713091868078,-0.064782525010928,0.04392114572034243,-0.12955739533486402,-0.019747018798177557,0.16248327770955606
18857,20,-0.07407207436208768,-0.06588520777525592,0.05256609539056828,-0.11653087840320117,-0.033646998730106195,0.16186332212754606
18857,21,-0.09242578223640383,-0.07090824464611417,0.08827789229152286,-0.033831505160799025,0.03510451439402465,0.21317749680260634
18857,22,-0.11873134099952946,-0.04536051157264036,0.24430941180515764,0.12908423651238918,-0.00043893157191397976,0.28671637785386717
18857,23,-0.03709074532057837,-0.05902392677142596,0.01745834431649087,-0.048007522497138376,0.03365604949862498,0.20746688649563527
18857,24,-0.018058456856108882,-0.061658236192187556,0.06226947345508509,-0.11056479940674441,0.008320139204798564,0.14849988815975973
18857,25,0.009990651394640771,-0.060684345340345065,0.08352289005963431,-0.05765926855248934,-0.03993775033333217,0.1817433132614659
18857,26,-0.057089230362527624,-0.0500982348431193,0.09189446630852763,0.04189260764689269,-0.0419643442453167,0.14505846599269537
18857,27,-0.11084521276022583,-0.06483732955939224,0.15915895280698963,-0.11711093824268813,0.013494918317256018,0.07606963579036127
18857,28,-0.20587573465721906,-0.11423783999416207,0.17733269553768596,0.04648528446412419,-0.0043485031771484705,0.1886549778212425
18857,29,-0.12002395118552427,-0.07581497386287517,0.19647673526283946,-0.06013026773415041,-0.03319571681747434,0.12066796895086042
18857,30,-0.10853960694958303,-0.09022355374451849,0.1863067536658461,-0.012609674249870648,-0.0933820220338615,0.0805379567869696
18857,31,-0.2274534968303817,-0.09959858723908806,0.11419413669600183,-0.10578607989625728,-0.03653247808608681,0.09764278554874811
18857,32,-0.05591898292560107,-0.03113039327271999,0.12465140720627764,-0.11943055893809837,-0.08424282056444243,0.012817834663644596
18857,33,-0.14884067984586888,-0.11608593237798713,0.08101592899162814,0.012302442231088576,0.040469690092887256,0.18392240635451687
18857,34,-0.1396803697952971,-0.08406814730295303,0.09991570083994922,-0.02239208351732123,-0.0529117157959234,0.2296173663777598
18857,35,-0.028274442120128335,-0.0035873230856809206,0.22166802284480433,0.0827788947397151,0.025139189846364648,0.2673717240188763
18857,36,-0.041592807571040016,0.0014703981606039376,0.09812194106804563,-0.10905418378149809,0.014992433078069018,0.12672600639164203
18857,37,-0.08406576670656873,-0.06881214808964803,0.07370707767591217,-0.04055576970204255,-0.008970752896501788,0.20900169804483265
18857,38,-0.1610471966982165,-0.09473644558267799,0.10396304236747582,-0.014001746967854929,0.0216242900092218,0.26575299342487735
18857,39,-0.016685872697561752,-0.06470545133994676,0.11414323815607937,-0.06035912903113599,-0.02577528124691409,0.13868062304812162
18857,40,0.0119330875843398,-0.05564232263781698,0.1121136732395862,-0.08679718786991207,-0.06485046887394706,0.14735424445615417
18857,41,-0.015291017373031082,-0.030262380683161772,0.10570254774172254,-0.01966970666228682,0.0005961994751262798,0.16994434469652323
18857,42,-0.08510310286420869,-0.08030158779634436,0.17251574271907016,-0.06447921951837991,0.014868334801267107,0.23083336422883743
18857,43,-0.14630082836826394,-0.04931050125556724,0.1469991117604713,-0.04221413587580506,0.018828706218723044,0.17361084570509583
18857,44,-0.025735614679069596,-0.05644165375675056,0.1070538499431293,0.16868792423050086,0.0631073861671571,0.22105807123253127
44278,1,-0.009900077619741071,-0.016893300377653946,0.06192671095562124,0.06290522839843192,0.0573751777573534,0.12734808591322766
44278,2,0.010582491535814656,0.0017052994520888667,0.24105393549751467,0.14898188791889197,0.12758197307619232,0.17644813918222743
44278,3,0.06808016257182264,-0.004996685653447588,0.14742168549101592,0.10192263958976269,0.10556129190666146,0.11145924689135692
44278,4,-0.01684993431044663,-0.018295939845737783,0.34095497505324485,0.19486556288263174,0.15859955710090254,0.19512652318092102
44278,5,-0.013047034803100516,-0.03514419610164591,0.3190836595852,0.164788592042575,0.18145806432652484,0.13159442438037658
44278,6,0.0805033115700205,-0.045243259831585086,0.3434559862185447,0.26768271177977165,0.25962186263223586,0.09335523250400977
44278,7,-0.07011989848089137,-0.014976094714080193,0.16548918431038734,0.0802609875940737,0.029176334898981037,0.16823110607508165
44278,8,-0.0709976710266137,0.003947469403918345,0.13799772039230948,0.05648613255123153,0.004057876331435315,0.17319940596142633
44278,9,-0.07484748434995799,0.042461131681075404,0.07795278450813516,0.05830322622570729,-0.01414461705896334,0.15313924143743948
44278,10,-0.09527889719686065,-0.052927205741556294,0.17005335965968038,0.06521137867801155,-0.06755322852033337,0.02310337892401381
44278,11,-0.08311357555813391,0.0003117777943501057,0.041691092796870076,0.07406759049178274,0.08279007274276334,0.1230749817171155
44278,12,0.07505146439317968,-0.047435805959404456,0.06793171319112014,0.3089327672097428,0.3188914755463052,-0.05528215432675571
44278,13,-0.11608758960566379,0.0037076634702286303,0.005125339767909746,-0.006581088740479527,0.04822368815721701,0.057740001899743404
44278,14,-0.08886412573937566,-0.009517943702967005,0.04286538630939574,-0.01589734046358979,-0.004975490390832574,0.14275397569227075
44278,15,-0.04713958619983698,-0.008869236596801777,0.04476343556804158,-0.04056479767856646,-0.05810511928606998,0.11234404018372762
44278,16,-0.028834995522680595,-0.03823728530705037,0.10463005679369655,0.015954932004888005,0.03601517648123641,0.11790443160819647
44278,17,0.043160890682035914,0.009196812385613776,0.09438346771187243,0.06903403759434192,-0.0005108411642879541,0.14640087625308962
44278,18,0.025861425755393214,-0.03910115777748826,-0.005862407547960052,0.10719596696131205,0.031453085249803975,0.028345081012902777
44278,19,-0.00943735088370265,-0.05224287372714356,0.278208123386658,0.13954730198881404,0.13866932900699952,0.1643873635104202
44278,20,-0.04150150642828848,-0.02727716460404968,0.27093170190361904,0.14302382010426729,0.051795416561935884,0.13646438935086325
44278,21,-0.1345106222753828,-0.10925615345919645,0.053514704146672074,0.03885226090953344,-0.149887194861566,-0.10939637896436447
44278,22,-0.057188601149476846,-0.018435580340443132,0.21624628123142958,0.1287637459733268,0.08298381427842734,0.14115917295785765
44278,23,-0.056914917774244476,0.04572703631245728,0.09107007171334372,0.033389318065242105,-0.03868397576189618,0.1349330352903118
44278,24,-0.07564209956407139,0.01110078083025172,0.1932990517134208,0.09586656807693535,0.026812843287107296,0.17932087488876453
44278,25,-0.11913836996342217,-0.005435433455004762,0.2378326052602305,0.13327233913695788,0.04657883174560693,0.1536268289878586
44278,26,-0.011847062320912243,0.030844147756090456,0.1128295288386805,0.07236005125503173,0.06869968784811743,0.0830002142975096
44278,27,-0.04127127890232995,0.032714904035270845,0.13217348171522975,0.0009574976018031124,-0.033230912833007484,0.04814995686422215
44278,28,0.0016196852285324703,0.007999378507892266,0.2418648282464679,0.16319682223206947,0.1377726266566555,0.09978503035948298
